Title;Year;Decade;Country;Genre;IMDB;Score;directors;primaryName
Last Night in Soho;2021;2020s;UK;Horror;tt9639470;7.5;nm0942367;Edgar Wright
Titane;2021;2020s;France;Horror;tt10944760;7.75;nm4469445;Julia Ducournau
Dune;2021;2020s;USA;SciFi;tt1160419;9.25;nm0898288;Denis Villeneuve
The Card Counter;2021;2020s;USA;Drama;tt11196036;8;nm0001707;Paul Schrader
Free Guy;2021;2020s;USA;Comedy;tt6264654;7.75;nm0506613;Shawn Levy
Old;2021;2020s;USA;Horror;tt10954652;7.25;nm0796117;M. Night Shyamalan
Candyman;2021;2020s;USA;Horror;tt9347730;8;nm4804442;Nia DaCosta
Malignant;2021;2020s;USA;Horror;tt3811906;7.5;nm1490123;James Wan
CODA;2021;2020s;USA;Drama;tt10366460;7.75;nm1571761;Sian Heder
Don't Breathe 2;2021;2020s;USA;Thriller;tt6246322;7;nm2140186;Rodo Sayagues
No Man of God;2021;2020s;USA;Drama;tt13507778;7.5;nm0780547;Amber Sealey
Reminiscence;2021;2020s;USA;SciFi;tt3272066;7;nm2847370;Lisa Joy
The Green Knight;2021;2020s;USA;Fantasy;tt9243804;7.5;nm1108007;David Lowery
Pig;2021;2020s;USA;Drama;tt11003218;8;nm3968825;Michael Sarnoski
A Classic Horror Story;2021;2020s;Italy;Horror;tt12877640;7.5;nm3248608;Roberto De Feo
No Sudden Move;2021;2020s;USA;Crime;tt11525644;7;nm0001752;Steven Soderbergh
Judas and the Black Messiah;2021;2020s;USA;Politics;tt9784798;8.25;nm3489851;Shaka King
Wrath of Man;2021;2020s;UK;Action;tt11083552;7.5;nm0005363;Guy Ritchie
The Night House;2020;2020s;USA;Horror;tt9731534;7.25;nm1410159;David Bruckner
Promising Young Woman;2020;2020s;USA;Thriller;tt9620292;7.5;nm2193504;Emerald Fennell
Riders of Justice;2020;2020s;Denmark;Action;tt11655202;7.25;nm0421314;Anders Thomas Jensen
Archive;2020;2020s;UK;SciFi;tt6882604;7;nm2707210;Gavin Rothery
Another Round;2020;2020s;Denmark;Drama;tt10288566;8.25;nm0899121;Thomas Vinterberg
Quo Vadis, Aida?;2020;2020s;Bosnia and Herzegovina;Historical;tt8633462;8.25;nm1120092;Jasmila Zbanic
Dear Comrades!;2020;2020s;Russia;Historical;tt10796286;7.5;nm0464846;Andrey Konchalovskiy
Host;2020;2020s;USA;Horror;tt12749596;7.25;nm3699074;Rob Savage
The Dry;2020;2020s;Australia;Crime;tt5144174;7;nm0175352;Robert Connolly
Night in Paradise;2020;2020s;South Korea;Crime;tt12792418;7.5;nm4219902;Park Hoon-Jung
The Father;2020;2020s;UK;Drama;tt10272386;8;nm1725469;Florian Zeller
Alone;2020;2020s;USA;Thriller;tt7711170;7.75;nm0404882;John Hyams
Mank;2020;2020s;USA;Drama;tt10618286;7.75;nm0000399;David Fincher
Soul;2020;2020s;USA;Comedy;tt2948372;8.25;nm0230032;Pete Docter
Tenet;2020;2020s;USA;Thriller;tt6723592;7.5;nm0634240;Christopher Nolan
The Invisible Man;2020;2020s;USA;Thriller;tt1051906;7.5;nm1191481;Leigh Whannell
His House;2020;2020s;UK;Horror;tt8508734;7.5;nm3676311;Remi Weekes
Mangrove;2020;2020s;UK;Historical;tt10551100;9;nm2588606;Steve McQueen
The Swordsman;2020;2020s;South Korea;Action;tt7035004;7.25;nm9075613;Jae-Hoon Choi
Nomadland;2020;2020s;USA;Drama;tt9770150;7.25;nm2125482;Chloé Zhao
Us;2019;2010s;USA;Horror;tt6857112;7;nm1443502;Jordan Peele
Uncut Gems;2019;2010s;USA;Thriller;tt5727208;7;nm1509478;Safdie Brothers
Light of My Life;2019;2010s;USA;Dystopia;tt6063090;8;nm0000729;Casey Affleck
John Wick 3;2019;2010s;USA;Action;tt6146586;7.5;nm0821432;Chad Stahelski
Ad Astra;2019;2010s;USA;SciFi;tt2935510;7.5;nm0336695;James Gray
Bacurau;2019;2010s;Brazil;Dystopia;tt2762506;7.5;nm2207625;Kleber Mendonça Filho
Jojo Rabbit;2019;2010s;USA;Comedy;tt2584384;7.5;nm0169806;Taika Waititi
The Lighthouse;2019;2010s;USA;Horror;tt7984734;8.25;nm3211470;Robert Eggers
Once Upon a Time in Hollywood;2019;2010s;USA;Drama;tt7131622;8.5;nm0000233;Quentin Tarantino
Joker;2019;2010s;USA;Drama;tt7286456;9.25;nm0680846;Todd Phillips
Dr. Sleep;2019;2010s;USA;Horror;tt5606664;8;nm1093039;Mike Flanagan
Dolor y Gloria;2019;2010s;Spain;Drama;tt8291806;7;nm0000264;Pedro Almodóvar
Midsommar;2019;2010s;USA;Horror;tt8772262;7;nm4170048;Ari Aster
Parasite;2019;2010s;South Korea;Drama;tt6751668;9.25;nm0094435;Bong Joon Ho
The Hole in the Ground;2019;2010s;Ireland;Horror;tt6198946;7;nm2091846;Lee Cronin
El Hoyo;2019;2010s;Spain;Dystopia;tt8228288;7;nm2008067;Galder Gaztelu-Urrutia
Glass;2019;2010s;USA;Thriller;tt6823368;7;nm0796117;M. Night Shyamalan
J'Accuse;2019;2010s;France;Historical;tt2398149;7.5;nm0000591;Roman Polanski
Saint Maud;2019;2010s;UK;Horror;tt7557108;7;nm3819217;Rose Glass
Richard Jewell;2019;2010s;USA;Historical;tt3513548;7.5;nm0000142;Clint Eastwood
1917;2019;2010s;USA;War;tt8579674;7.5;nm0005222;Sam Mendes
Avengers: Infinity War;2018;2010s;USA;Action;tt4154756;7.75;nm0751577;Anthony Russo
Dylda, aka Beanpole;2019;2010s;Russia;Drama;tt10199640;7.5;nm8921482;Kantemir Balagov
Mandy;2018;2010s;USA;Horror;tt6998518;7;nm0181903;Panos Cosmatos
A Simple Favor;2018;2010s;USA;Thriller;tt7040874;7;nm0082450;Paul Feig
Upgrade;2018;2010s;USA;Action;tt6499752;7;nm1191481;Leigh Whannell
Hereditary;2018;2010s;USA;Horror;tt7784604;8;nm4170048;Ari Aster
BlacKkKlansman;2018;2010s;USA;Thriller;tt7349662;7;nm0000490;Spike Lee
Arctic;2018;2010s;USA;Thriller;tt6820256;8;nm1020835;Joe Penna
The Ballad of Buster Scruggs;2018;2010s;USA;Western;tt6412452;8;nm0001053.nm0001054;Cohen Brothers
Leave No Trace;2018;2010s;USA;Drama;tt3892172;7.5;nm0335138;Debra Granik
Destroyer;2018;2010s;USA;Thriller;tt7137380;7.75;nm0476201;Karyn Kusama
Burning;2018;2010s;South Korea;Thriller;tt7282468;7.5;nm0496969;Chang-dong Lee
Ying, Shadow;2018;2010s;China;Action;tt6864046;7.25;nm0955443;Yimou Zhang
The Guilty;2018;2010s;USA;Drama;tt6742252;7.5;nm7546166;Gustav Möller
A Quiet Place;2018;2010s;USA;Horror;tt6644200;8.5;nm1024677;John Krasinski
The Wind;2018;2010s;USA;Horror;tt8426594;8.5;nm0849747;Emma Tammi
The House That Jack Built;2018;2010s;UK;Thriller;tt4003440;8.5;nm0001885;Lars von Trier
The Nightingale;2018;2010s;Australia;Historical;tt4068576;9;nm0448768;Jennifer Kent
First Man;2018;2010s;USA;Drama;tt1213641;8.25;nm3227090;Damien Chazelle
Roma;2018;2010s;Mexico;Drama;tt6155172;8;nm0190859;Alfonso Cuarón
Gerald's Game;2017;2010s;USA;Thriller;tt3748172;7;nm1093039;Mike Flanagan
Thor: Ragnarok;2017;2010s;USA;Action;tt3501632;7.5;nm0169806;Taika Waititi
Happy Death Day;2017;2010s;USA;Horror;tt5308322;7.25;nm0484907;Christopher Landon
Coco;2017;2010s;USA;Fantasy;tt2380307;7.75;nm0881279;Lee Unkrich
Blade of the Immortal;2017;2010s;Japan;Samurai;tt5084170;7.5;nm0586281;Takashi Miike
Three Billboards Outside Ebbing Missouri;2017;2010s;USA;Drama;tt5027774;7;nm1732981;Martin McDonagh
Baby Driver;2017;2010s;USA;Crime;tt3890160;7.25;nm0942367;Edgar Wright
Get Out;2017;2010s;USA;Horror;tt5052448;8;nm1443502;Jordan Peele
The Shape of Water;2017;2010s;USA;Drama;tt5580390;8;nm0868219;Guillermo del Toro
One Cut of the Dead;2017;2010s;Japan;Comedy;tt7914416;8.5;nm7643451;Yûya Nakaizumi
The Villainess;2017;2010s;South Korea;Action;tt6777338;7.5;nm3468066;Byung-gil Jung
Brawl In Cell Block 99;2017;2010s;USA;Action;tt5657856;8;nm0951975;S. Craig Zahler
First Reformed;2017;2010s;USA;Politics;tt6053438;7.75;nm0001707;Paul Schrader
Valerian, the City of a 1000 Planets;2017;2010s;France;Action;tt2239822;7.25;nm0000108;Luc Besson
The Captain;2017;2010s;Germany;War;tt6763252;7.5;nm0777881;Robert Schwentke
Atomic Blonde;2017;2010s;USA;Action;tt2406566;7.5;nm0500610;David Leitch
It;2017;2010s;USA;Horror;tt1396484;7.5;nm0615592;Andy Muschietti
Zama;2017;2010s;Argentina;Historical;tt3409848;7;nm0551506;Lucrecia Martel
Logan;2017;2010s;USA;Action;tt3315342;8.25;nm0003506;James Mangold
Wind River;2017;2010s;USA;Thriller;tt5362988;8.5;nm0792263;Taylor Sheridan
Blade Runner 2049;2017;2010s;USA;SciFi;tt1856101;9.5;nm0898288;Denis Villeneuve
The Wailing;2016;2010s;South Korea;Horror;tt5215952;7;nm2947553;Hong-jin Na
Elle;2016;2010s;France;Thriller;tt3716530;7.75;nm0000682;Paul Verhoeven
Raw;2016;2010s;France;Horror;tt4954522;7;nm4469445;Julia Ducournau
A Dark Song;2016;2010s;Ireland;Horror;tt4805316;7.25;nm2201016;Liam Gavin
Hush;2016;2010s;USA;Horror;tt5022702;7.75;nm1093039;Mike Flanagan
Hacksaw Ridge;2016;2010s;USA;War;tt2119532;7.25;nm0000154;Mel Gibson
Split;2016;2010s;USA;Horror;tt4972582;7.5;nm0796117;M. Night Shyamalan
Don't Breathe;2016;2010s;USA;Horror;tt4160708;8;nm1793079;Fede Alvarez
Captain America: Civil War;2016;2010s;USA;Action;tt3498820;7.25;nm0751577;Anthony Russo
Captain Fantastic;2016;2010s;USA;Comedy;tt3553976;8;nm0743671;Matt Ross
Anthropoid;2016;2010s;Czech Republic;War;tt4190530;7.25;nm1193346;Sean Ellis
Geumul;2016;2010s;South Korea;Politics;tt5996202;7.25;nm1104118;Ki-duk Kim
The Salesman;2016;2010s;Iran;Drama;tt5186714;7.75;nm1410815;Asghar Farhadi
Silence;2016;2010s;USA;Historical;tt0490215;7.5;nm0000217;Martin Scorsese
Rogue One;2016;2010s;USA;Fantasy;tt3748528;7.75;nm2284484;Gareth Edwards
The Autopsy of Jane Doe;2016;2010s;USA;Horror;tt3289956;7.5;nm0004217;André Øvredal
Hell or High Water;2016;2010s;USA;Drama;tt2582782;7.75;nm0533284;David Mackenzie
Train to Busan;2016;2010s;South Korea;Horror;tt5700672;8.25;nm3613566;Sang-ho Yeon
Manchester by the Sea;2016;2010s;USA;Drama;tt4034228;7.5;nm0518836;Kenneth Lonergan
Arrival;2016;2010s;USA;SciFi;tt2543164;9.25;nm0898288;Denis Villeneuve
The Handmaiden;2016;2010s;South Korea;Drama;tt4016934;9.25;nm0661791;Chan-wook Park
Spotlight;2015;2010s;USA;Politics;tt1895587;7;nm0565336;Tom McCarthy
The Visit;2015;2010s;USA;Horror;tt3567288;7;nm0796117;M. Night Shyamalan
The Walk;2015;2010s;USA;Historical;tt3488710;7.75;nm0000709;Robert Zemeckis
Macbeth;2015;2010s;USA;Historical;tt2884018;7;nm0997291;Justin Kurzel
El Abrazo de la Serpiente;2015;2010s;Colombia;Historical;tt4285496;7;nm1458734;Ciro Guerra
Sicario;2015;2010s;USA;Drama;tt3397884;7.5;nm0898288;Denis Villeneuve
Green Room;2015;2010s;USA;Horror;tt4062536;7.5;nm1099918;Jeremy Saulnier
Land of Mine;2015;2010s;USA;War;tt3841424;7;nm1324710;Martin Zandvliet
The Revenant;2015;2010s;USA;Drama;tt1663202;8;nm0327944;Alejandro G. Iñárritu
Bone Tomahawk;2015;2010s;USA;Horror;tt2494362;8;nm0951975;S. Craig Zahler
The Hateful Eight;2015;2010s;USA;Western;tt3460252;8;nm0000233;Quentin Tarantino
The Witch;2015;2010s;USA;Horror;tt4263482;9;nm3211470;Robert Eggers
Creed;2015;2010s;USA;Drama;tt3076658;7.5;nm3363032;Ryan Coogler
Son of Saul;2015;2010s;Hungary;War;tt3808342;7.5;nm1841577;László Nemes
Room;2015;2010s;USA;Thriller;tt3170832;8.25;nm1049433;Lenny Abrahamson
Mad Max: Fury Road;2015;2010s;USA;Dystopia;tt1392190;9.5;nm0004306;George Miller
Gone Girl;2014;2010s;USA;Thriller;tt2267998;7.5;nm0000399;David Fincher
Boyhood;2014;2010s;USA;Drama;tt1065073;7.5;nm0000500;Richard Linklater
Interstellar;2014;2010s;USA;SciFi;tt0816692;8;nm0634240;Christopher Nolan
Leviathan;2014;2010s;Russia;Drama;tt2802154;7;nm1168657;Andrey Zvyagintsev
Mr Turner;2014;2010s;UK;Historical;tt2473794;7;nm0005139;Mike Leigh
The Raid 2. Berandal;2014;2010s;Indonesia;Action;tt2265171;8;nm2153088;Gareth Evans
Rosewater;2014;2010s;USA;Politics;tt2752688;7.5;nm0829537;Jon Stewart
Nightcrawler;2014;2010s;USA;Thriller;tt2872718;7.5;nm0319659;Dan Gilroy
Guardians of the Galaxy;2014;2010s;USA;Action;tt2015381;8.25;nm0348181;James Gunn
Calvary;2014;2010s;Ireland;Politics;tt2234003;8.25;nm0567620;John Michael McDonagh
The Grand Budapest Hotel;2014;2010s;Germany;Comedy;tt2278388;8.25;nm0027572;Wes Anderson
Dawn of the Planet of the Apes;2014;2010s;USA;SciFi;tt2103281;8;nm0716257;Matt Reeves
John Wick;2014;2010s;USA;Action;tt2911666;8.5;nm0821432;Chad Stahelski
The Babadook;2014;2010s;Australia;Horror;tt2321549;8.5;nm0448768;Jennifer Kent
Predestination;2014;2010s;Australia;SciFi;tt2397535;7.5;nm1294961;Michael Spierig
Song of the Sea;2014;2010s;Ireland;Fantasy;tt1865505;8;nm1119079;Tomm Moore
Ex Machina;2014;2010s;USA;SciFi;tt0470752;8.5;nm0307497;Alex Garland
It Follows;2014;2010s;USA;Horror;tt3235888;8.75;nm1379002;David Robert Mitchell
Gravity;2013;2010s;USA;Action;tt1454468;8;nm0190859;Alfonso Cuarón
Inside Llewyn Davis;2013;2010s;USA;Musical;tt2042568;7.5;nm0001054.nm0001053;Cohen Brothers
12 Years a Slave;2013;2010s;USA;Drama;tt2024544;8;nm2588606;Steve McQueen
Her;2013;2010s;USA;SciFi;tt1798709;9;nm0005069;Spike Jonze
The Conjuring;2013;2010s;USA;Horror;tt1457767;7.5;nm1490123;James Wan
Pacific Rim;2013;2010s;USA;Action;tt1663662;7.5;nm0868219;Guillermo del Toro
Before Midnight;2013;2010s;USA;Drama;tt2209418;7.25;nm0000500;Richard Linklater
Oculus;2013;2010s;USA;Horror;tt2388715;7.5;nm1093039;Mike Flanagan
Prisoners;2013;2010s;USA;Thriller;tt1392214;7.75;nm0898288;Denis Villeneuve
Stoker;2013;2010s;USA;Thriller;tt1682180;7.75;nm0661791;Chan-wook Park
All is Lost;2013;2010s;USA;Thriller;tt2017038;7.75;nm1170855;J.C. Chandor
Snowpiercer;2013;2010s;South Korea;Politics;tt1706620;8.5;nm0094435;Bong Joon Ho
Sinsegye, New World;2013;2010s;South Korea;Drama;tt2625030;8.5;nm4219902;Hoon-jung Park
Patema Inverted;2013;2010s;Japan;SciFi;tt2981768;8.5;nm3602074;Yasuhiro Yoshiura
Universal Soldier. Day of Reckoning;2012;2010s;USA;Action;tt1659343;7;nm0404882;John Hyams
Killing Them Softly;2012;2010s;USA;Horror;tt1764234;7;nm0231596;Andrew Dominik
Chronicle;2012;2010s;USA;SciFi;tt1706593;7;nm2503633;Josh Trank
Cloud Atlas;2012;2010s;USA;Drama;tt1371111;8;nm0905152.nm0905154;Wachowski Brothers
Dredd;2012;2010s;USA;SciFi;tt1343727;7.5;nm0871428;Pete Travis
Moonrise Kingdom;2012;2010s;USA;Comedy;tt1748122;7.25;nm0027572;Wes Anderson
Jagten, The Hunt;2012;2010s;Denmark;Drama;tt2106476;8;nm0899121;Thomas Vinterberg
Maniac;2012;2010s;France;Horror;tt2103217;7.75;nm0451076;Franck Khalfoun
Django Unchained;2012;2010s;USA;Western;tt1853728;7.5;nm0000233;Quentin Tarantino
The Master;2012;2010s;USA;Drama;tt1560747;7.75;nm0000759;Paul Thomas Anderson
Amour;2012;2010s;France;Drama;tt1602620;8;nm0359734;Michael Haneke
Looper;2012;2010s;USA;SciFi;tt1276104;8.5;nm0426059;Rian Johnson
Pieta;2012;2010s;South Korea;Drama;tt2299842;8.5;nm1104118;Ki-duk Kim
Hugo;2011;2010s;USA;Drama;tt0970179;7;nm0000217;Martin Scorsese
God Bless America;2011;2010s;USA;Comedy;tt1912398;7.25;nm0001281;Bobcat Goldthwait
The Thing;2011;2010s;USA;Horror;tt0905372;7;nm0374048;Matthijs van Heijningen
Once Upon a Time in Anatolia;2011;2010s;Turkey;Crime;tt1827487;7.25;nm0149196;Nuri Bilge Ceylan
Margin Call;2011;2010s;USA;Thriller;tt1615147;7;nm1170855;J.C. Chandor
Carnage;2011;2010s;France;Drama;tt1692486;7;nm0000591;Roman Polanski
We Need to Talk About Kevin;2011;2010s;USA;Thriller;tt1242460;8;nm0708903;Lynne Ramsay
Contagion;2011;2010s;USA;Thriller;tt1598778;7.75;nm0001752;Steven Soderbergh
La Piel que Habito;2011;2010s;Spain;Thriller;tt1189073;7.75;nm0000264;Pedro Almodóvar
Melancholia;2011;2010s;Denmark;Drama;tt1527186;8;nm0001885;Lars von Trier
Midnight in Paris;2011;2010s;France;Comedy;tt1605783;7.5;nm0000095;Woody Allen
Intouchables;2011;2010s;France;Drama;tt1675434;8;nm0619923;Olivier Nakache
Killer Joe;2011;2010s;USA;Thriller;tt1726669;8;nm0001243;William Friedkin
Harakiri;2011;2010s;Japan;Samurai;tt1728196;9;nm0586281;Takashi Miike
Drive;2011;2010s;USA;Action;tt0780504;7.75;nm0716347;Nicolas Winding Refn
The Cabin in the Woods;2011;2010s;USA;Horror;tt1259521;7;nm1206844;Drew Goddard
Rise of the Planet of the Apes;2011;2010s;USA;SciFi;tt1318514;7.5;nm1012501;Rupert Wyatt
The Grey;2011;2010s;USA;Thriller;tt1601913;8.5;nm0138620;Joe Carnahan
Super 8;2011;2010s;USA;SciFi;tt1650062;7;nm0009190;J.J. Abrams
The Raid;2011;2010s;Indonesia;Action;tt1899353;8.5;nm2153088;Gareth Evans
Tinker Tailor Soldier Spy;2011;2010s;UK;Politics;tt1340800;8.75;nm0019247;Tomas Alfredson
Thurgood;2011;2010s;USA;Historical;tt1844811;8.75;nm0828623;Michael Stevens
Shutter Island;2010;2010s;USA;Drama;tt1130884;7;nm0000217;Martin Scorsese
The Social Network;2010;2010s;USA;Drama;tt1285016;7.25;nm0000399;David Fincher
Insidious;2010;2010s;USA;Horror;tt1591095;7.25;nm1490123;James Wan
Inception;2010;2010s;USA;Thriller;tt1375666;7.5;nm0634240;Christopher Nolan
Predators;2010;2010s;USA;Horror;tt1424381;7;nm0030735;Nimród Antal
Outrage;2010;2010s;Japan;Thriller;tt1462667;7;nm0001429;Takeshi Kitano
127 Hours;2010;2010s;USA;Thriller;tt1542344;7;nm0000965;Danny Boyle
The Town;2010;2010s;USA;Crime;tt0840361;7;nm0000255;Ben Affleck
Meek's Cutoff;2010;2010s;USA;Western;tt1518812;7;nm0716980;Kelly Reichardt
Black Swan;2010;2010s;USA;Horror;tt0947798;8;nm0004716;Darren Aronofsky
Man from Nowhere;2010;2010s;South Korea;Action;tt1527788;7.25;nm2556572;Jeong-beom Lee
Confessions aka Kokuhaku;2010;2010s;Japan;Drama;tt1590089;8;nm0620363;Tetsuya Nakashima
13 Assassins;2010;2010s;Japan;Samurai;tt1436045;8;nm0586281;Takashi Miike
I Saw the Devil;2010;2010s;South Korea;Thriller;tt1588170;8.25;nm0453518;Jee-woon Kim
The Killer Inside Me;2010;2010s;USA;Horror;tt0954947;7.5;nm0935863;Michael Winterbottom
L'illusionniste;2010;2010s;France;Drama;tt0775489;7;nm0158984;Sylvain Chomet
Unthinkable;2010;2010s;USA;Politics;tt0914863;7.5;nm0429964;Gregor Jordan
Incendies;2010;2010s;Canada;Politics;tt1255953;8.75;nm0898288;Denis Villeneuve
Triangle;2009;2000s;UK;Horror;tt1187064;7;nm1247462;Christopher Smith
The Road;2009;2000s;USA;Dystopia;tt0898367;8;nm0384825;John Hillcoat
Valhalla Rising;2009;2000s;Denmark;Historical;tt0862467;8;nm0716347;Nicolas Winding Refn
Mother;2009;2000s;South Korea;Drama;tt1216496;9;nm0094435;Bong Joon Ho
Antichrist;2009;2000s;USA;Drama;tt0870984;7.5;nm0001885;Lars von Trier
District 9;2009;2000s;South Africa;SciFi;tt1136608;7.5;nm0088955;Neill Blomkamp
The White Ribbon;2009;2000s;USA;Drama;tt1149362;7.5;nm0359734;Michael Haneke
Watchmen;2009;2000s;USA;Dystopia;tt0409459;8.5;nm0811583;Zack Snyder
Moon;2009;2000s;USA;SciFi;tt1182345;8.5;nm1512910;Duncan Jones
Inglourious Basterds;2009;2000s;USA;War;tt0361748;8.5;nm0000233;Quentin Tarantino
Gran Torino;2008;2000s;USA;Drama;tt1205489;7.5;nm0000142;Clint Eastwood
Ip Man;2008;2000s;Hong Kong;Action;tt1220719;7;nm0948159;Wilson Yip
Slumdog Millionaire;2008;2000s;India;Drama;tt1010048;7.75;nm0000965;Danny Boyle
Taken;2008;2000s;USA;Action;tt0936501;7;nm0603628;Pierre Morel
Martyrs;2008;2000s;France;Horror;tt1029234;8;nm1052791;Pascal Laugier
Let the Right One In;2008;2000s;Sweden;Horror;tt1139797;8;nm0019247;Tomas Alfredson
Die Welle;2008;2000s;Germany;Politics;tt1063669;7.5;nm0304541;Dennis Gansel
Adam Resurrected;2008;2000s;Germany;Drama;tt0479341;7.5;nm0001707;Paul Schrader
In Bruges;2008;2000s;UK;Crime;tt0780536;7.75;nm1732981;Martin McDonagh
Changeling;2008;2000s;USA;Drama;tt0824747;7.25;nm0000142;Clint Eastwood
Nordwand;2008;2000s;Germany;Historical;tt0844457;7.75;nm0836715;Philipp Stölzl
Synecdoche, New York;2008;2000s;USA;Drama;tt0383028;7.5;nm0442109;Charlie Kaufman
Cloverfield;2008;2000s;USA;Horror;tt1060277;8.25;nm0716257;Matt Reeves
Happy-Go-Lucky;2008;2000s;UK;Comedy;tt1045670;7;nm0005139;Mike Leigh
Entre les Murs;2008;2000s;France;Drama;tt1068646;7.5;nm0134559;Laurent Cantet
Bronson;2008;2000s;UK;Drama;tt1172570;8.5;nm0716347;Nicolas Winding Refn
Doubt;2008;2000s;USA;Politics;tt0918927;8.5;nm0788234;John Patrick Shanley
Hunger;2008;2000s;Ireland;Politics;tt0986233;8.5;nm2588606;Steve McQueen
The Wrestler;2008;2000s;USA;Drama;tt1125849;8.75;nm0004716;Darren Aronofsky
The Diving Bell and the Butterfly;2007;2000s;France;Drama;tt0401383;7;nm0773603;Julian Schnabel
Persepolis;2007;2000s;France;Drama;tt0808417;8;nm1749112;Vincent Paronnaud
The Kite Runner;2007;2000s;USA;Drama;tt0419887;7;nm0286975;Marc Forster
Rescue Dawn;2007;2000s;USA;Drama;tt0462504;7;nm0001348;Werner Herzog
28 Weeks Later;2007;2000s;USA;Horror;tt0463854;7;nm0294379;Juan Carlos Fresnadillo
À l'intérieur;2007;2000s;France;Horror;tt0856288;7.5;nm2376614;Alexandre Bustillo
Eastern Promises;2007;2000s;UK;Crime;tt0765443;7.75;nm0000343;David Cronenberg
[Rec];2007;2000s;Spain;Horror;tt1038988;8;nm0687042.nm0049371;Jaume Balagueró
Tropa de Elite;2007;2000s;Brazil;Thriller;tt0861739;7.75;nm0655683;José Padilha
Shoot 'Em Up;2007;2000s;USA;Action;tt0465602;7.5;nm0205157;Michael Davis
Los cronocrímenes (Timecrimes);2007;2000s;Spain;SciFi;tt0480669;8;nm1443023;Nacho Vigalondo
Secret Sunshine;2007;2000s;South Korea;Drama;tt0817225;8;nm0496969;Chang-dong Lee
The Assassination of Jesse James;2007;2000s;USA;Western;tt0443680;10;nm0231596;Andrew Dominik
Sunshine;2007;2000s;UK;SciFi;tt0448134;7.5;nm0000965;Danny Boyle
The Darjeeling Limited;2007;2000s;USA;Comedy;tt0838221;7.75;nm0027572;Wes Anderson
Once;2007;2000s;Ireland;Drama;tt0907657;8.25;nm0138809;John Carney
Zodiac;2007;2000s;USA;Thriller;tt0443706;8.25;nm0000399;David Fincher
The Mist;2007;2000s;USA;Horror;tt0884328;8.5;nm0001104;Frank Darabont
No Country for Old Men;2007;2000s;USA;Drama;tt0477348;8.75;nm0001054.nm0001053;Cohen Brothers
There Will Be Blood;2007;2000s;USA;Drama;tt0469494;8.75;nm0000759;Paul Thomas Anderson
Little Miss Sunshine;2006;2000s;USA;Comedy;tt0449059;7.25;nm0206760;Jonathan Dayton
Blood Diamond;2006;2000s;USA;Thriller;tt0450259;7.5;nm0001880;Edward Zwick
Zwartboek, Black Book;2006;2000s;Netherlands;War;tt0389557;7.5;nm0000682;Paul Verhoeven
Babel;2006;2000s;USA;Drama;tt0449467;7.25;nm0327944;Alejandro G. Iñárritu
This is England;2006;2000s;UK;Drama;tt0480025;8;nm0276349;Shane Meadows
The Fall;2006;2000s;USA;Fantasy;tt0460791;7;nm0802248;Tarsem Singh
The Host;2006;2000s;USA;Horror;tt0468492;7;nm0094435;Bong Joon Ho
Inside Man;2006;2000s;USA;Thriller;tt0454848;7.25;nm0000490;Spike Lee
Shi Gan (Time);2006;2000s;South Korea;Drama;tt0497986;8;nm1104118;Ki-duk Kim
Volver;2006;2000s;Spain;Drama;tt0441909;8;nm0000264;Pedro Almodóvar
Apocalypto;2006;2000s;USA;Historical;tt0472043;9;nm0000154;Mel Gibson
Miami Vice;2006;2000s;USA;Action;tt0430357;7.75;nm0000520;Michael Mann
El laberinto del fauno;2006;2000s;Spain;Fantasy;tt0457430;7.75;nm0868219;Guillermo del Toro
The Departed;2006;2000s;USA;Thriller;tt0407887;8;nm0000217;Martin Scorsese
Letters from Iwo Jima;2006;2000s;USA;War;tt0498380;8;nm0000142;Clint Eastwood
The Lives of Others;2006;2000s;Germany;Politics;tt0405094;8.5;nm0003697;Florian Donnersmarck
The Fountain;2006;2000s;USA;SciFi;tt0414993;8.5;nm0004716;Darren Aronofsky
The Last King of Scotland;2006;2000s;UK;Historical;tt0455590;7.5;nm0531817;Kevin Macdonald
Children of Men;2006;2000s;USA;Dystopia;tt0206634;9.5;nm0190859;Alfonso Cuarón
Un Long Dimanche;2004;2000s;France;Drama;tt0344510;7.5;nm0000466;Jean-Pierre Jeunet
Kung Fu Hustle;2004;2000s;Hong Kong;Comedy;tt0373074;7.5;nm0159507;Stephen Chow
Primer;2004;2000s;USA;SciFi;tt0390384;7.25;nm1503403;Shane Carruth
Love and Honor;2006;2000s;Japan;Samurai;tt0483578;8;nm0945282;Yôji Yamada
The Exorcism of Emily Rose;2005;2000s;USA;Horror;tt0404032;7;nm0220600;Scott Derrickson
Jarhead;2005;2000s;USA;War;tt0418763;7;nm0005222;Sam Mendes
A History of Violence;2005;2000s;Canada;Thriller;tt0399146;7.5;nm0000343;David Cronenberg
The Proposition;2005;2000s;Australia;Western;tt0421238;7;nm0384825;John Hillcoat
Match Point;2005;2000s;UK;Thriller;tt0416320;7.5;nm0000095;Woody Allen
A Bittersweet Life;2005;2000s;South Korea;Thriller;tt0456912;7;nm0453518;Jee-woon Kim
Sin City;2005;2000s;USA;Action;tt0401792;7;nm0001675;Robert Rodriguez
Syriana;2005;2000s;USA;Thriller;tt0365737;7;nm0300866;Stephen Gaghan
Munich;2005;2000s;USA;Thriller;tt0408306;8;nm0000229;Steven Spielberg
13 Tzameti;2005;2000s;France;Horror;tt0475169;8;nm1201875;Géla Babluani
The New World;2005;2000s;USA;Historical;tt0402399;9;nm0000517;Terrence Malick
King Kong;2005;2000s;USA;Action;tt0360717;7.5;nm0001392;Peter Jackson
Alice;2005;2000s;Portugal;Drama;tt0459072;7.5;nm0554076;Marco Martins
Caché;2005;2000s;Germany;Thriller;tt0387898;7.5;nm0359734;Michael Haneke
Wolf Creek;2005;2000s;Australia;Horror;tt0416315;7.5;nm0572562;Greg McLean
Gang Street Hooligans;2005;2000s;USA;Thriller;tt0385002;7.75;nm0591994;Lexi Alexander
Kingdom of Heaven;2005;2000s;USA;Historical;tt0320661;8.25;nm0000631;Ridley Scott
The Descent;2005;2000s;USA;Horror;tt0435625;8.5;nm0551076;Neil Marshall
V for Vendetta;2005;2000s;USA;Dystopia;tt0434409;8.75;nm0574625;James McTeigue
Good Night, and Good Luck;2005;2000s;USA;Politics;tt0433383;9.25;nm0000123;George Clooney
Lady Vengeance;2005;2000s;South Korea;Thriller;tt0451094;9.5;nm0661791;Chan-wook Park
Taking Lives;2004;2000s;USA;Thriller;tt0364045;7;nm0142286;D.J. Caruso
Suspect Zero;2004;2000s;USA;Thriller;tt0324127;7;nm0580729;E. Elias Merhige
The Libertine;2004;2000s;USA;Historical;tt0375920;8;nm1461380;Laurence Dunmore
Before Sunset;2004;2000s;USA;Drama;tt0381681;7.75;nm0000500;Richard Linklater
The Life Aquatic with Steve Zissou;2004;2000s;USA;Comedy;tt0362270;8;nm0027572;Wes Anderson
Saw;2004;2000s;USA;Horror;tt0387564;8;nm1490123;James Wan
The Village;2004;2000s;USA;Horror;tt0368447;8;nm0796117;M. Night Shyamalan
The Passion of the Christ;2004;2000s;USA;Historical;tt0335345;9;nm0000154;Mel Gibson
Troy;2004;2000s;USA;Historical;tt0332452;7.75;nm0000583;Wolfgang Petersen
Collateral;2004;2000s;USA;Action;tt0369339;7.5;nm0000520;Michael Mann
Shaun of the Dead;2004;2000s;UK;Comedy;tt0365748;7.5;nm0942367;Edgar Wright
The Machinist;2004;2000s;Spain;Thriller;tt0361862;7.5;nm0026442;Brad Anderson
La Mala Educación;2004;2000s;Spain;Drama;tt0275491;7.5;nm0000264;Pedro Almodóvar
Million Dollar Baby;2004;2000s;USA;Drama;tt0405159;7.75;nm0000142;Clint Eastwood
Mar Adentro;2004;2000s;Spain;Drama;tt0369702;8;nm0024622;Alejandro Amenábar
Eternal Sunshine of the Spotless Mind;2004;2000s;USA;SciFi;tt0338013;8.5;nm0327273;Michel Gondry
Vera Drake;2004;2000s;UK;Drama;tt0383694;8.75;nm0005139;Mike Leigh
Kill Bill vol.2;2004;2000s;USA;Action;tt0378194;8.75;nm0000233;Quentin Tarantino
Der Untergang;2004;2000s;Germany;War;tt0363163;9.25;nm0386570;Oliver Hirschbiegel
Haute tension;2003;2000s;France;Horror;tt0338095;7;nm0014960;Alexandre Aja
A Tale of Two Sisters;2003;2000s;USA;Horror;tt0365376;7;nm0453518;Jee-woon Kim
21 Grams;2003;2000s;USA;Drama;tt0315733;8;nm0327944;Alejandro G. Iñárritu
Master and Commander;2003;2000s;USA;Historical;tt0311113;9;nm0001837;Peter Weir
Ong-Bak;2003;2000s;Thailand;Action;tt0368909;8;nm1272773;Prachya Pinkaew
Matrix Revolutions;2003;2000s;USA;SciFi;tt0242653;7.25;nm0905152.nm0905154;Wachowski Brothers
Matrix Reloaded;2003;2000s;USA;SciFi;tt0234215;7.5;nm0905152.nm0905154;Wachowski Brothers
Os Imortais;2003;2000s;Portugal;Crime;tt0367878;7.5;nm0890367;António-Pedro Vasconcelos
Zatôichi;2003;2000s;Japan;Samurai;tt0363226;8.25;nm0001429;Takeshi Kitano
Pirates of the Caribbean;2003;2000s;USA;Fantasy;tt0325980;8;nm0893659;Gore Verbinski
Mystic River;2003;2000s;USA;Thriller;tt0327056;7.5;nm0000142;Clint Eastwood
Good Bye Lenin!;2003;2000s;Germany;Comedy;tt0301357;7.75;nm0065615;Wolfgang Becker
Les Triplettes de Belleville;2003;2000s;France;Comedy;tt0286244;7.25;nm0158984;Sylvain Chomet
The Return;2003;2000s;Russia;Drama;tt0376968;7.5;nm1168657;Andrey Zvyagintsev
Spring Summer Fall Winter... and Spring;2003;2000s;South Korea;Drama;tt0374546;8.25;nm1104118;Ki-duk Kim
The Return of the King;2003;2000s;USA;Fantasy;tt0167260;8.75;nm0001392;Peter Jackson
Old Boy;2003;2000s;South Korea;Thriller;tt0364569;8.5;nm0661791;Chan-wook Park
Kill Bill vol.1;2003;2000s;USA;Action;tt0266697;8.75;nm0000233;Quentin Tarantino
Punch-Drunk Love;2002;2000s;USA;Drama;tt0272338;7;nm0000759;Paul Thomas Anderson
Spider;2002;2000s;Canada;Drama;tt0278731;7;nm0000343;David Cronenberg
Insomnia;2002;2000s;USA;Thriller;tt0278504;7;nm0634240;Christopher Nolan
28 Days Later;2002;2000s;USA;Horror;tt0289043;7;nm0000965;Danny Boyle
Hero;2002;2000s;China;Action;tt0299977;8;nm0955443;Yimou Zhang
The Twilight Samurai;2002;2000s;Japan;Samurai;tt0351817;8;nm0945282;Yôji Yamada
Infernal Affairs;2002;2000s;Hong Kong;Crime;tt0338564;8;nm0538320;Alan Mak
Hable con ella;2002;2000s;Spain;Drama;tt0287467;9;nm0000264;Pedro Almodóvar
Equilibrium;2002;2000s;USA;Dystopia;tt0238380;7;nm0934483;Kurt Wimmer
Minority Report;2002;2000s;USA;SciFi;tt0181689;7.25;nm0000229;Steven Spielberg
The Pianist;2002;2000s;UK;Drama;tt0253474;8;nm0000591;Roman Polanski
The Two Towers;2002;2000s;USA;Fantasy;tt0167261;8.25;nm0001392;Peter Jackson
25th Hour;2002;2000s;USA;Drama;tt0307901;7.75;nm0000490;Spike Lee
Dog Soldiers;2002;2000s;UK;Horror;tt0280609;7;nm0551076;Neil Marshall
Gangs of New York;2002;2000s;USA;Drama;tt0217505;8.25;nm0000217;Martin Scorsese
Dirty Pretty things;2002;2000s;UK;Thriller;tt0301199;7.25;nm0001241;Stephen Frears
Oasis;2002;2000s;South Korea;Drama;tt0320193;8.25;nm0496969;Chang-dong Lee
Cidade de Deus;2002;2000s;Brazil;Drama;tt0317248;8.5;nm0576987;Fernando Meirelles
Irréversible;2002;2000s;France;Drama;tt0290673;8.5;nm0637615;Gaspar Noé
Sympathy for Mr.Vengeance;2002;2000s;South Korea;Thriller;tt0310775;8.75;nm0661791;Chan-wook Park
Artificial Intelligence;2001;2000s;USA;SciFi;tt0212720;7;nm0000229;Steven Spielberg
Donnie Darko;2001;2000s;USA;Drama;tt0246578;7.5;nm0446819;Richard Kelly
La Stanza del Figlio;2001;2000s;Italy;Drama;tt0208990;7.5;nm0604335;Nanni Moretti
Ichi the Killer;2001;2000s;Japan;Action;tt0296042;8;nm0586281;Takashi Miike
Conspiracy;2001;2000s;USA;Thriller;tt0266425;8;nm0682757;Frank Pierson
Das Experiment;2001;2000s;Germany;Politics;tt0250258;8;nm0386570;Oliver Hirschbiegel
Y tu mama tambien;2001;2000s;Mexico;Drama;tt0245574;8;nm0190859;Alfonso Cuarón
Moulin Rouge!;2001;2000s;USA;Musical;tt0203009;7.5;nm0525303;Baz Luhrmann
The Fellowship of the Ring;2001;2000s;USA;Fantasy;tt0120737;9;nm0001392;Peter Jackson
Invincible;2001;2000s;UK;Drama;tt0245171;7.5;nm0001348;Werner Herzog
Mulholland Dr.;2001;2000s;USA;Drama;tt0166924;8.25;nm0000186;David Lynch
The Others;2001;2000s;USA;Horror;tt0230600;8.25;nm0024622;Alejandro Amenábar
Enemy at the Gates;2001;2000s;Ireland;War;tt0215750;8.5;nm0000269;Jean-Jacques Annaud
Le fabuleux destin d'Amélie Poulain;2001;2000s;France;Comedy;tt0211915;9.75;nm0000466;Jean-Pierre Jeunet
Requiem for a Dream;2000;2000s;USA;Drama;tt0180093;7;nm0004716;Darren Aronofsky
Battle Royale;2000;2000s;Japan;Dystopia;tt0266308;7.75;nm0297935;Kinji Fukasaku
The Cell;2000;2000s;USA;Fantasy;tt0209958;7;nm0802248;Tarsem Singh
American Psycho;2000;2000s;USA;Horror;tt0144084;7;nm0366004;Mary Harron
Unbreakable;2000;2000s;USA;Thriller;tt0217869;8.25;nm0796117;M. Night Shyamalan
Brother;2000;2000s;Japan;Crime;tt0222851;8;nm0001429;Takeshi Kitano
Snatch;2000;2000s;UK;Crime;tt0208092;7.5;nm0005363;Guy Ritchie
Pitch Black;2000;2000s;USA;SciFi;tt0134847;7.75;nm0878638;David Twohy
Memento;2000;2000s;USA;SciFi;tt0209144;8.5;nm0634240;Christopher Nolan
Gladiator;2000;2000s;USA;Historical;tt0172495;8;nm0000631;Ridley Scott
Crouching Tiger, Hidden Dragon;2000;2000s;China;Action;tt0190332;8.5;nm0000487;Ang Lee
JSA;2000;2000s;South Korea;Thriller;tt0260991;8;nm0661791;Chan-wook Park
Amores Perros;2000;2000s;Mexico;Drama;tt0245712;9.25;nm0327944;Alejandro G. Iñárritu
The Limey;1999;1990s;USA;Thriller;tt0165854;7;nm0001752;Steven Soderbergh
Boys don't Cry;1999;1990s;USA;Drama;tt0171804;7.5;nm0005303;Kimberly Peirce
Arlington Road;1999;1990s;USA;Thriller;tt0137363;7.5;nm0671210;Mark Pellington
The Green Mile;1999;1990s;USA;Drama;tt0120689;7.75;nm0001104;Frank Darabont
The Blair Witch Project;1999;1990s;USA;Horror;tt0185937;7.75;nm0617130;Daniel Myrick
Audition;1999;1990s;Japan;Horror;tt0235198;7.5;nm0586281;Takashi Miike
Magnolia;1999;1990s;USA;Drama;tt0175880;8.5;nm0000759;Paul Thomas Anderson
Fight Club;1999;1990s;USA;Thriller;tt0137523;9;nm0000399;David Fincher
Man on the Moon;1999;1990s;USA;Drama;tt0125664;9;nm0001232;Milos Forman
Any Given Sunday;1999;1990s;USA;Drama;tt0146838;7.25;nm0000231;Oliver Stone
Ghost Dog;1999;1990s;USA;Drama;tt0165798;7.25;nm0000464;Jim Jarmusch
The Sixth Sense;1999;1990s;USA;Horror;tt0167404;8;nm0796117;M. Night Shyamalan
Eyes Wide Shut;1999;1990s;USA;Thriller;tt0120663;7.75;nm0000040;Stanley Kubrick
American Beauty;1999;1990s;USA;Drama;tt0169547;8.5;nm0005222;Sam Mendes
Todo sobre mi madre;1999;1990s;Spain;Drama;tt0185125;8.5;nm0000264;Pedro Almodóvar
The Matrix;1999;1990s;USA;SciFi;tt0133093;9.5;nm0905152.nm0905154;Wachowski Brothers
Sphere;1998;1990s;USA;SciFi;tt0120184;7;nm0001469;Barry Levinson
Fallen;1998;1990s;USA;Crime;tt0119099;7;nm0387706;Gregory Hoblit
The Truman Show;1998;1990s;USA;Drama;tt0120382;8;nm0001837;Peter Weir
Dark City;1998;1990s;USA;SciFi;tt0118929;8;nm0001639;Alex Proyas
Ringu;1998;1990s;Japan;Horror;tt0178868;7.25;nm0620378;Hideo Nakata
Run Lola;1998;1990s;Germany;Action;tt0130827;7.25;nm0878756;Tom Tykwer
Shakespeare in Love;1998;1990s;USA;Drama;tt0138097;7.5;nm0006960;John Madden
Black Cat White Cat;1998;1990s;Yoguslavia;Drama;tt0118843;7.5;nm0001437;Emir Kusturica
Central do Brasil;1998;1990s;Brazil;Drama;tt0140888;8;nm0758574;Walter Salles
The Thin Red Line;1998;1990s;USA;War;tt0120863;7.5;nm0000517;Terrence Malick
Lock, Stock and Two Smoking Barrels;1998;1990s;UK;Crime;tt0120735;7.75;nm0005363;Guy Ritchie
American History X;1998;1990s;USA;Thriller;tt0120586;8.25;nm0443411;Tony Kaye
The Big Lebowski;1998;1990s;USA;Comedy;tt0118715;8.25;nm0001054.nm0001053;Cohen Brothers
Saving Private Ryan;1998;1990s;USA;War;tt0120815;8.5;nm0000229;Steven Spielberg
Event Horizon;1997;1990s;USA;SciFi;tt0119081;7;nm0027271;Paul W.S. Anderson
La Vita è Bella;1997;1990s;Italy;Drama;tt0118799;7.5;nm0000905;Roberto Benigni
The Game;1997;1990s;USA;Thriller;tt0119174;7.25;nm0000399;David Fincher
As Good as it Gets;1997;1990s;USA;Comedy;tt0119822;7.25;nm0000985;James L. Brooks
Cube;1997;1990s;USA;Horror;tt0123755;7.25;nm0622112;Vincenzo Natali
Funny Games;1997;1990s;USA;Horror;tt0119167;8;nm0359734;Michael Haneke
Perfect Blue;1997;1990s;USA;Horror;tt0156887;8;nm0464804;Satoshi Kon
Princess Mononoke;1997;1990s;Japan;Fantasy;tt0119698;8.5;nm0594503;Hayao Miyazaki
Hana-bi;1997;1990s;USA;Crime;tt0119250;8;nm0001429;Takeshi Kitano
Bent;1997;1990s;USA;War;tt0118698;8;nm0558773;Sean Mathias
Amistad;1997;1990s;USA;Historical;tt0118607;8;nm0000229;Steven Spielberg
The Fifth Element;1997;1990s;USA;SciFi;tt0119116;7.75;nm0000108;Luc Besson
Jackie Brown;1997;1990s;USA;Drama;tt0119396;8.25;nm0000233;Quentin Tarantino
Gattaca;1997;1990s;USA;SciFi;tt0119177;8.5;nm0629272;Andrew Niccol
Lost Highway;1997;1990s;USA;Drama;tt0116922;8.5;nm0000186;David Lynch
Hamlet;1996;1990s;UK;Historical;tt0116477;7;nm0000110;Kenneth Branagh
Breaking the Waves;1996;1990s;Denmark;Drama;tt0115751;8;nm0001885;Lars von Trier
The Pillow Book;1996;1990s;UK;Drama;tt0114134;8;nm0000425;Peter Greenaway
Looking for Richard;1996;1990s;USA;Drama;tt0116913;8;nm0000199;Al Pacino
Crash;1996;1990s;USA;Drama;tt0115964;7.5;nm0000343;David Cronenberg
Secrets & Lies;1996;1990s;UK;Drama;tt0117589;8.25;nm0005139;Mike Leigh
Trainspotting;1996;1990s;UK;Drama;tt0117951;8.5;nm0000965;Danny Boyle
Fargo;1996;1990s;USA;Crime;tt0116282;8.5;nm0001053.nm0001054;Cohen Brothers
The Crucible;1996;1990s;USA;Historical;tt0115988;8.75;nm0405336;Nicholas Hytner
Richard III;1995;1990s;UK;Historical;tt0114279;7;nm0518644;Richard Loncraine
Se7en;1995;1990s;USA;Thriller;tt0114369;9;nm0000399;David Fincher
Before Sunrise;1995;1990s;USA;Drama;tt0112471;8;nm0000500;Richard Linklater
Dead Man;1995;1990s;USA;Western;tt0112817;9;nm0000464;Jim Jarmusch
Heat;1995;1990s;USA;Crime;tt0113277;7.5;nm0000520;Michael Mann
Twelve Monkeys;1995;1990s;USA;SciFi;tt0114746;7.75;nm0000416;Terry Gilliam
La Haine;1995;1990s;France;Drama;tt0113247;8.25;nm0440913;Mathieu Kassovitz
The Usual Suspects;1995;1990s;USA;Thriller;tt0114814;8.5;nm0001741;Bryan Singer
Casino;1995;1990s;USA;Thriller;tt0112641;8.5;nm0000217;Martin Scorsese
Ghost in the Shell;1995;1990s;Japan;SciFi;tt0113568;8.75;nm0651900;Mamoru Oshii
Underground;1995;1990s;Yoguslavia;Historical;tt0114787;8.75;nm0001437;Emir Kusturica
The Crow;1994;1990s;USA;Fantasy;tt0109506;7;nm0001639;Alex Proyas
Quiz Show;1994;1990s;USA;Drama;tt0110932;7;nm0000602;Robert Redford
Shallow Grave;1994;1990s;UK;Thriller;tt0111149;7;nm0000965;Danny Boyle
Interview with the Vampire;1994;1990s;USA;Horror;tt0110148;8;nm0001403;Neil Jordan
The Adventures of Priscilla;1994;1990s;Australia;Comedy;tt0109045;8;nm0254632;Stephan Elliott
Natural Born Killers;1994;1990s;USA;Horror;tt0110632;7.5;nm0000231;Oliver Stone
Léon;1994;1990s;France;Thriller;tt0110413;8;nm0000108;Luc Besson
La Reine Margot;1994;1990s;France;Historical;tt0110963;7.5;nm0161717;Patrice Chéreau
Death and the Maiden;1994;1990s;UK;Thriller;tt0109579;7.75;nm0000591;Roman Polanski
Goodnight Mommy;2014;2010s;Germany;Thriller;tt3086442;7.25;nm3868633;Severin Fiala
Soleil Trompeur;1994;1990s;Russia;Historical;tt0111579;8.5;nm0586482;Nikita Mikhalkov
Ed Wood;1994;1990s;USA;Drama;tt0109707;8.75;nm0000318;Tim Burton
The Shawshank Redemption;1994;1990s;USA;Drama;tt0111161;8;nm0001104;Frank Darabont
Pulp Fiction;1994;1990s;USA;Crime;tt0110912;9.5;nm0000233;Quentin Tarantino
Jurassic Park;1993;1990s;USA;SciFi;tt0107290;7.75;nm0000229;Steven Spielberg
Groundhog Day;1993;1990s;USA;Comedy;tt0107048;8;nm0000601;Harold Ramis
Sonatine;1993;1990s;Japan;Thriller;tt0108188;8;nm0001429;Takeshi Kitano
A Perfect World;1993;1990s;USA;Drama;tt0107808;7.25;nm0000142;Clint Eastwood
The Piano;1993;1990s;New Zealand;Historical;tt0107822;7.5;nm0001005;Jane Campion
Naked;1993;1990s;UK;Drama;tt0107653;7.5;nm0005139;Mike Leigh
Schindler's List;1993;1990s;USA;War;tt0108052;8.5;nm0000229;Steven Spielberg
In the Name of the Father;1993;1990s;Ireland;War;tt0107207;8.5;nm0006487;Jim Sheridan
Braindead;1992;1990s;New Zealand;Comedy;tt0103873;7;nm0001392;Peter Jackson
Bad Lieutenant;1992;1990s;USA;Crime;tt0103759;7;nm0001206;Abel Ferrara
Alien 3;1992;1990s;USA;Horror;tt0103644;8;nm0000399;David Fincher
Glengarry Glen Ross;1992;1990s;USA;Drama;tt0104348;8;nm0001226;James Foley
The Player;1992;1990s;USA;Drama;tt0105151;8;nm0000265;Robert Altman
Unforgiven;1992;1990s;USA;Western;tt0105695;7.75;nm0000142;Clint Eastwood
Dracula;1992;1990s;USA;Horror;tt0103874;8.5;nm0000338;Francis Ford Coppola
Reservoir Dogs;1992;1990s;USA;Thriller;tt0105236;8.75;nm0000233;Quentin Tarantino
The Last of the Mohicans;1992;1990s;USA;Historical;tt0104691;9.25;nm0000520;Michael Mann
Grand Canyon;1991;1990s;USA;Drama;tt0101969;7;nm0001410;Lawrence Kasdan
Naked Lunch;1991;1990s;Canada;Drama;tt0102511;7.5;nm0000343;David Cronenberg
Night on Earth;1991;1990s;USA;Drama;tt0102536;7;nm0000464;Jim Jarmusch
The Fisher King;1991;1990s;USA;Drama;tt0101889;7;nm0000416;Terry Gilliam
Thelma & Louise;1991;1990s;USA;Drama;tt0103074;8;nm0000631;Ridley Scott
Barton Fink;1991;1990s;USA;Drama;tt0101410;8;nm0001053.nm0001054;Cohen Brothers
Delicatessen;1991;1990s;USA;Comedy;tt0101700;7.75;nm0001988;Marc Caro
Europa;1991;1990s;USA;War;tt0101829;7.5;nm0001885;Lars von Trier
Terminator 2: Judgment Day;1991;1990s;USA;SciFi;tt0103064;8.5;nm0000116;James Cameron
The Silence of the Lambs;1991;1990s;USA;Thriller;tt0102926;9.25;nm0001129;Jonathan Demme
Jacob's Ladder;1990;1990s;USA;Horror;tt0099871;7;nm0001490;Adrian Lyne
Awakenings;1990;1990s;USA;Drama;tt0099077;7.75;nm0001508;Penny Marshall
Total Recall;1990;1990s;USA;SciFi;tt0100802;7.5;nm0000682;Paul Verhoeven
The Godfather: Part III;1990;1990s;USA;Drama;tt0071562;8;nm0000338;Francis Ford Coppola
'Non', ou A Vã Glória de Mandar;1990;1990s;Portugal;War;tt0100269;7;nm0210701;Manoel de Oliveira
Wild at Heart;1990;1990s;USA;Drama;tt0100935;8;nm0000186;David Lynch
Miller's Crossing;1990;1990s;USA;Crime;tt0100150;9;nm0001054.nm0001053;Cohen Brothers
Goodfellas;1990;1990s;USA;Crime;tt0099685;9;nm0000217;Martin Scorsese
Cyrano de Bergerac;1990;1990s;France;Historical;tt0099334;9;nm0710919;Jean-Paul Rappeneau
Dances with Wolves;1990;1990s;USA;Western;tt0099348;7.5;nm0000126;Kevin Costner
The Exorcist III;1990;1990s;USA;Horror;tt0099528;8.25;nm0087861;William Peter Blatty
Misery;1990;1990s;USA;Horror;tt0100157;8.5;nm0001661;Rob Reiner
Rosencrantz & Guildenstern Are Dead;1990;1990s;UK;Comedy;tt0100519;8.75;nm0001779;Tom Stoppard
The Abyss;1989;1980s;USA;SciFi;tt0096754;7.25;nm0000116;James Cameron
Recordações da Casa Amarela;1989;1980s;Portugal;Drama;tt0098175;7.75;nm0599214;João César Monteiro
Dead Poets Society;1989;1980s;UK;Drama;tt0097165;8;nm0001837;Peter Weir
Crimes and Misdemeanors;1989;1980s;USA;Thriller;tt0097123;8;nm0000095;Woody Allen
Winter War;1989;1980s;Finland;War;tt0098437;7.5;nm0661502;Pekka Parikka
Born on the Fourth of July;1989;1980s;USA;War;tt0096969;7.5;nm0000231;Oliver Stone
Henry V;1989;1980s;UK;Historical;tt0097499;7.5;nm0000110;Kenneth Branagh
The Killer;1989;1980s;Hong Kong;Thriller;tt0097202;7.5;nm0000247;John Woo
Violent Cop;1989;1980s;Japan;Crime;tt0098360;7.5;nm0001429;Takeshi Kitano
Do the Right Thing;1989;1980s;USA;Drama;tt0097216;8.25;nm0000490;Spike Lee
The Cook, the Thief, His Wife & Her Lover;1989;1980s;UK;Horror;tt0097108;8.5;nm0000425;Peter Greenaway
Kiki's Delivery Service;1989;1980s;Japan;Fantasy;tt0097814;7.75;nm0594503;Hayao Miyazaki
High Hopes;1988;1980s;UK;Drama;tt0095302;7;nm0005139;Mike Leigh
Dangerous Liaisons;1988;1980s;USA;Drama;tt0094947;7.25;nm0001241;Stephen Frears
The Accused;1988;1980s;USA;Drama;tt0094608;7;nm0438279;Jonathan Kaplan
Mississippi Burning;1988;1980s;USA;Thriller;tt0095647;8;nm0000570;Alan Parker
Time of the Gypsies;1988;1980s;Yoguslavia;Drama;tt0097223;8;nm0001437;Emir Kusturica
Akira;1988;1980s;Japan;SciFi;tt0094625;8;nm0960028;Katsuhiro Ôtomo
The Last Temptation of Christ;1988;1980s;USA;Historical;tt0095497;7.5;nm0000217;Martin Scorsese
Spoorloos;1988;1980s;Netherlands;Thriller;tt0096163;7.5;nm0806293;George Sluizer
Dead Ringers;1988;1980s;USA;Horror;tt0094964;7.5;nm0000343;David Cronenberg
They Live;1988;1980s;USA;SciFi;tt0096256;8.25;nm0000118;John Carpenter
Die Hard;1988;1980s;USA;Thriller;tt0095016;7.75;nm0001532;John McTiernan
A Fish called Wanda;1988;1980s;USA;Comedy;tt0095159;7.75;nm0187769;Charles Crichton
Cinema Paradiso;1988;1980s;Italy;Drama;tt0095765;8.25;nm0868153;Giuseppe Tornatore
Who Framed Roger Rabbit;1988;1980s;USA;Comedy;tt0096438;7.5;nm0000709;Robert Zemeckis
Talk Radio;1988;1980s;USA;Drama;tt0096219;8.5;nm0000231;Oliver Stone
Mujeres al borde de un Ataque de Nervios;1988;1980s;Spain;Drama;tt0095675;8.75;nm0000264;Pedro Almodóvar
The Untouchables;1987;1980s;USA;Crime;tt0094226;7.25;nm0000361;Brian De Palma
Wall Street;1987;1980s;USA;Crime;tt0094291;7.5;nm0000231;Oliver Stone
Wings of Desire;1987;1980s;Germany;Drama;tt0093191;8;nm0000694;Wim Wenders
Robocop;1987;1980s;USA;SciFi;tt0093870;8;nm0000682;Paul Verhoeven
The Hidden;1987;1980s;USA;SciFi;tt0093185;7.25;nm0794791;Jack Sholder
Highlander;1986;1980s;USA;Fantasy;tt0091203;7.5;nm0611683;Russell Mulcahy
Evil Dead II;1987;1980s;USA;Horror;tt0092991;7.5;nm0000600;Sam Raimi
Radio Days;1987;1980s;USA;Comedy;tt0093818;7.25;nm0000095;Woody Allen
Raising Arizona;1987;1980s;USA;Comedy;tt0093822;7.5;nm0001053.nm0001054;Cohen Brothers
Predator;1987;1980s;USA;Horror;tt0093773;8.25;nm0001532;John McTiernan
House of Games;1987;1980s;USA;Thriller;tt0093223;8.25;nm0000519;David Mamet
Empire of the Sun;1987;1980s;USA;War;tt0092965;8.25;nm0000229;Steven Spielberg
Full Metal Jacket;1987;1980s;USA;War;tt0093058;8.75;nm0000040;Stanley Kubrick
The Hitcher;1986;1980s;USA;Horror;tt0091209;7;nm0363553;Robert Harmon
Der Name der Rose;1986;1980s;Germany;Historical;tt0091605;8;nm0000269;Jean-Jacques Annaud
The Fly;1986;1980s;USA;Horror;tt0091064;8;nm0000343;David Cronenberg
Salvador;1986;1980s;USA;Drama;tt0091886;8;nm0000231;Oliver Stone
The Color of Money;1986;1980s;USA;Drama;tt0090863;7.5;nm0000217;Martin Scorsese
Aliens;1986;1980s;USA;Horror;tt0090605;9;nm0000116;James Cameron
Blue Velvet;1986;1980s;USA;Thriller;tt0090756;9;nm0000186;David Lynch
Manhunter;1986;1980s;USA;Thriller;tt0091474;7.5;nm0000520;Michael Mann
Henry: Portrait of a Serial Killer;1986;1980s;USA;Horror;tt0099763;8.25;nm0573796;John McNaughton
Platoon;1986;1980s;USA;War;tt0091763;8.5;nm0000231;Oliver Stone
Hannah and Her Sisters;1986;1980s;USA;Drama;tt0091167;8.5;nm0000095;Woody Allen
The Mission;1986;1980s;USA;Historical;tt0091530;8.75;nm0423646;Roland Joffé
Agnes of God;1985;1980s;USA;Drama;tt0088683;7;nm0422484;Norman Jewison
Back to the Future;1985;1980s;USA;Comedy;tt0088763;8;nm0000709;Robert Zemeckis
Brazil;1985;1980s;UK;Dystopia;tt0088846;9;nm0000416;Terry Gilliam
Come and See;1985;1980s;Russia;War;tt0091251;9;nm0459552;Elem Klimov
Ran;1985;1980s;Japan;Samurai;tt0089881;9;nm0000041;Akira Kurosawa
Ladyhawke;1985;1980s;USA;Fantasy;tt0089457;7.5;nm0001149;Richard Donner
The Color Purple;1985;1980s;USA;Drama;tt0088939;8.5;nm0000229;Steven Spielberg
The Goonies;1985;1980s;USA;Comedy;tt0089218;7.75;nm0001149;Richard Donner
The Killing Fields;1984;1980s;USA;War;tt0087553;8;nm0423646;Roland Joffé
The Neverending Story;1984;1980s;Germany;Fantasy;tt0088323;7;nm0000583;Wolfgang Petersen
Ghostbusters;1984;1980s;USA;Comedy;tt0087332;7.25;nm0718645;Ivan Reitman
Paris, Texas;1984;1980s;USA;Drama;tt0087884;7.5;nm0000694;Wim Wenders
A Nightmare on Elm Street;1984;1980s;USA;Horror;tt0087800;8;nm0000127;Wes Craven
Nineteen Eighty-Four;1984;1980s;UK;Dystopia;tt0087803;7.5;nm0705535;Michael Radford
Once Upon a Time in America;1984;1980s;USA;Drama;tt0087843;8.5;nm0001466;Sergio Leone
The Terminator;1984;1980s;USA;SciFi;tt0088247;8.5;nm0000116;James Cameron
Amadeus;1984;1980s;USA;Historical;tt0086879;9.25;nm0001232;Milos Forman
The Day After;1983;1980s;UK;Dystopia;tt0085404;8;nm0583292;Nicholas Meyer
Videodrome;1983;1980s;USA;SciFi;tt0086541;8;nm0000343;David Cronenberg
Return of the Jedi;1983;1980s;USA;Fantasy;tt0086190;8;nm0549658;Richard Marquand
The Meaning of Life;1983;1980s;UK;Comedy;tt0085959;8;nm0001402.nm0000416;Terry Gilliam
Testament;1983;1980s;USA;Dystopia;tt0086429;7.5;nm0003313;Lynne Littman
Scarface;1983;1980s;USA;Crime;tt0086250;8.5;nm0000361;Brian De Palma
The Ballad of Narayama;1983;1980s;Japan;Drama;tt0084390;8.5;nm0408076;Shôhei Imamura
Danton;1983;1980s;France;Historical;tt0083789;8.75;nm0906667;Andrzej Wajda
Poltergeist;1982;1980s;USA;Horror;tt0084516;7;nm0001361;Tobe Hooper
First Blood;1982;1980s;USA;War;tt0083944;7.5;nm0467646;Ted Kotcheff
Made in Britain;1982;1980s;UK;Drama;tt0084287;7;nm0164639;Alan Clarke
Missing;1982;1980s;USA;Drama;tt0084335;8;nm0002020;Costa-Gavras
Fitzcarraldo;1982;1980s;Germany;Historical;tt0083946;8;nm0001348;Werner Herzog
ET;1982;1980s;USA;SciFi;tt0083866;8;nm0000229;Steven Spielberg
Sophie's Choice;1982;1980s;USA;War;tt0084707;8;nm0001587;Alan J. Pakula
Conan the Barbarian;1982;1980s;USA;Fantasy;tt0082198;9;nm0587518;John Milius
White Dog;1982;1980s;USA;Drama;tt0084899;8.25;nm0002087;Samuel Fuller
The Verdict;1982;1980s;USA;Drama;tt0084855;8.5;nm0001486;Sidney Lumet
The Thing;1982;1980s;USA;Horror;tt0084787;9.25;nm0000118;John Carpenter
Blade Runner;1982;1980s;USA;SciFi;tt1856101;9.5;nm0000631;Ridley Scott
Excalibur;1981;1980s;UK;Fantasy;tt0082348;9;nm0000958;John Boorman
The Evil Dead;1981;1980s;USA;Horror;tt0083907;7.5;nm0000600;Sam Raimi
Time Bandits;1981;1980s;UK;Comedy;tt0081633;7;nm0000416;Terry Gilliam
Escape from New York;1981;1980s;USA;Dystopia;tt0082340;7.5;nm0000118;John Carpenter
La guerre du feu;1981;1980s;France;Historical;tt0082484;8.5;nm0000269;Jean-Jacques Annaud
Mad Max 2, The Road Warrior;1981;1980s;Australia;Dystopia;tt0082694;7.75;nm0004306;George Miller
Raiders of the Lost Ark;1981;1980s;USA;Action;tt0082971;9.25;nm0000229;Steven Spielberg
Das Boot;1981;1980s;Germany;War;tt0082096;9.5;nm0000583;Wolfgang Petersen
The Changeling;1980;1980s;USA;Horror;tt0080516;7;nm0575389;Peter Medak
Cruising;1980;1980s;USA;Drama;tt0080569;7;nm0001243;William Friedkin
Airplane!;1980;1980s;USA;Comedy;tt0080339;7.5;nm0000720;Jim Abrahams
The Fog;1980;1980s;USA;Horror;tt0080749;8;nm0000118;John Carpenter
The Empire Strikes Back;1980;1980s;USA;Fantasy;tt0080684;9;nm0449984;Irvin Kershner
Kagemusha;1980;1980s;USA;Samurai;tt0080979;9;nm0000041;Akira Kurosawa
Raging Bull;1980;1980s;USA;Drama;tt0081398;9.5;nm0000217;Martin Scorsese
The Shining;1980;1980s;USA;Horror;tt0081505;9.5;nm0000040;Stanley Kubrick
Manhattan;1979;1970s;USA;Drama;tt0079522;8;nm0000095;Woody Allen
Nosferatu;1979;1970s;Germany;Horror;tt0079641;8;nm0001348;Werner Herzog
Alien;1979;1970s;USA;Horror;tt0078748;10;nm0000631;Ridley Scott
The Brood;1979;1970s;Canada;Horror;tt0078908;7.5;nm0000343;David Cronenberg
Stalker;1979;1970s;Russia;SciFi;tt0079944;8.25;nm0001789;Andrei Tarkovsky
Being There;1979;1970s;UK;Drama;tt0078841;8.5;nm0000797;Hal Ashby
Life of Brian;1979;1970s;UK;Comedy;tt0079470;8.75;nm0001402;Terry Jones
Apocalypse Now;1979;1970s;USA;War;tt0078788;9.5;nm0000338;Francis Ford Coppola
The Lord of the Rings;1978;1970s;USA;Fantasy;tt0077869;7.25;nm0000835;Ralph Bakshi
Halloween;1978;1970s;USA;Horror;tt0077651;8;nm0000118;John Carpenter
Dawn of the Dead;1978;1970s;USA;Horror;tt0363547;7.75;nm0001681;George A. Romero
The Boys from Brazil;1978;1970s;USA;Thriller;tt0077269;7.5;nm0769874;Franklin J. Schaffner
Invasion of the Body Snatchers;1978;1970s;USA;SciFi;tt0077745;7.75;nm0442241;Philip Kaufman
Midnight Express;1978;1970s;USA;Drama;tt0077928;8.75;nm0000570;Alan Parker
The Deer Hunter;1978;1970s;USA;War;tt0077416;9.5;nm0001047;Michael Cimino
Star Wars;1977;1970s;USA;Fantasy;tt0076759;8.25;nm0000184;George Lucas
Equus;1977;1970s;USA;Drama;tt0075995;8;nm0001486;Sidney Lumet
The Serpent's Egg;1977;1970s;Germany;Historical;tt0076686;7.5;nm0000005;Ingmar Bergman
Cross of Iron;1977;1970s;USA;War;tt0074695;8.25;nm0001603;Sam Peckinpah
Annie Hall;1977;1970s;USA;Drama;tt0075686;8.5;nm0000095;Woody Allen
Close Encounters of the Third Kind;1977;1970s;USA;SciFi;tt0075860;8.5;nm0000229;Steven Spielberg
Sorcerer;1977;1970s;USA;Thriller;tt0076740;9;nm0001243;William Friedkin
Marathon Man;1976;1970s;USA;Thriller;tt0074860;8;nm0772259;John Schlesinger
Logan's Run;1976;1970s;USA;SciFi;tt0074812;7.5;nm0027183;Michael Anderson
The Eagle Has Landed;1976;1970s;USA;War;tt0074452;7.5;nm0836328;John Sturges
Le Locataire;1976;1970s;France;Thriller;tt0074811;8.25;nm0000591;Roman Polanski
Brutti, Sporchi e Cattivi;1976;1970s;Italy;Comedy;tt0074252;8.5;nm0778633;Ettore Scola
Rocky;1976;1970s;USA;Drama;tt0075148;8.5;nm0000814;John G. Avildsen
All the President's Men;1976;1970s;USA;Thriller;tt0074119;8.5;nm0001587;Alan J. Pakula
Network;1976;1970s;USA;Drama;tt0074958;8.75;nm0001486;Sidney Lumet
Taxi Driver;1976;1970s;USA;Drama;tt0075314;9.25;nm0000217;Martin Scorsese
Dog Day Afternoon;1975;1970s;USA;Drama;tt0072890;8;nm0001486;Sidney Lumet
The Stepford Wives;1975;1970s;USA;SciFi;tt0073747;7.5;nm0285302;Bryan Forbes
Dersu Uzala;1975;1970s;Japan;Drama;tt0071411;8;nm0000041;Akira Kurosawa
Rollerball;1975;1970s;USA;Dystopia;tt0073631;7.25;nm0422484;Norman Jewison
Jaws;1975;1970s;USA;Horror;tt0073195;9;nm0000229;Steven Spielberg
Monty Python and the Holy Grail;1975;1970s;UK;Comedy;tt0071853;8.5;nm0000416;Terry Gilliam
Section Spéciale;1975;1970s;France;Historical;tt0073679;8.5;nm0002020;Costa-Gavras
Barry Lyndon;1975;1970s;USA;Historical;tt0072684;8.75;nm0000040;Stanley Kubrick
One Flew Over the Cuckoo's Nest;1975;1970s;USA;Drama;tt0073486;9.5;nm0001232;Milos Forman
The Texas Chain Saw Massacre;1974;1970s;USA;Horror;tt0072271;8;nm0001361;Tobe Hooper
Death Wish;1974;1970s;USA;Crime;tt0071402;7;nm0935382;ichael Winner
Bring Me the Head of Alfredo Garcia;1974;1970s;USA;Western;tt0071249;8;nm0001603;Sam Peckinpah
A Woman Under the Influence;1974;1970s;USA;Drama;tt0072417;8.5;nm0001023;John Cassavetes
Chinatown;1974;1970s;USA;Crime;tt0071315;9.25;nm0000591;Roman Polanski
The Conversation;1974;1970s;USA;Thriller;tt0071360;9.25;nm0000338;Francis Ford Coppola
The Godfather: Part II;1974;1970s;USA;Drama;tt0071562;9.75;nm0000338;Francis Ford Coppola
Don't Look Now;1973;1970s;USA;Horror;tt0069995;7;nm0001676;Nicolas Roeg
The Wicker Man;1973;1970s;USA;Thriller;tt0070917;7.5;nm0362736;Robin Hardy
WestWorld;1973;1970s;USA;SciFi;tt0070909;7.25;nm0000341;Michael Crichton
Soylent Green;1973;1970s;USA;Dystopia;tt0070723;8;nm0281507;Richard Fleischer
Papillon;1973;1970s;USA;Thriller;tt5093026;9;nm1840064;Michael Noer
Pat Garrett and Billy the Kid;1973;1970s;USA;Western;tt0070518;7.5;nm0001603;Sam Peckinpah
The Offence;1973;1970s;USA;Drama;tt0070468;8.5;nm0001486;Sidney Lumet
Serpico;1973;1970s;USA;Crime;tt0070666;8.5;nm0001486;Sidney Lumet
The Exorcist;1973;1970s;USA;Horror;tt0070047;9.5;nm0001243;William Friedkin
Solyaris;1972;1970s;Russia;SciFi;tt0069293;8;nm0001789;Andrei Tarkovsky
Silent Running;1972;1970s;USA;SciFi;tt0067756;7;nm0874320;Douglas Trumbull
Mad Max;1979;1970s;Australia;Dystopia;tt0079501;7;nm0004306;George Miller
The Towering Inferno;1974;1970s;USA;Thriller;tt0072308;7.5;nm0347086;John Guillermin
Assault on Precinct 13;1976;1970s;USA;Thriller;tt0074156;7.5;nm0000118;John Carpenter
La Planète Sauvage;1973;1970s;France;Fantasy;tt0070544;7.5;nm0482537;René Laloux
Love and Death;1975;1970s;USA;Comedy;tt0073312;8.25;nm0000095;Woody Allen
Jeremiah Johnson;1972;1970s;USA;Western;tt0068762;9;nm0001628;Sydney Pollack
Deliverance;1972;1970s;USA;Thriller;tt0068473;8.5;nm0000958;John Boorman
État de siège;1972;1970s;France;Historical;tt0070959;8.5;nm0002020;Costa-Gavras
Aguirre, der Zorn Gottes;1972;1970s;Germany;Historical;tt0068182;8.75;nm0001348;Werner Herzog
The Godfather;1972;1970s;USA;Drama;tt0068646;9.5;nm0000338;Francis Ford Coppola
Duel;1971;1970s;USA;Horror;tt0067023;8;nm0000229;Steven Spielberg
10 Rillington Place;1971;1970s;UK;Horror;tt0066730;7.5;nm0281507;Richard Fleischer
Straw Dogs;1971;1970s;USA;Thriller;tt0067800;7.75;nm0001603;Sam Peckinpah
Willy Wonka & the Chocolate Factory;1971;1970s;USA;Musical;tt0067992;7.25;nm0835799;Mel Stuart
Get Carter;1971;1970s;UK;Crime;tt0067128;7.75;nm0388198;Mike Hodges
The French Connection;1971;1970s;USA;Crime;tt0067116;8.5;nm0001243;William Friedkin
The Andromeda Strain;1971;1970s;USA;SciFi;tt0066769;8.75;nm0936404;Robert Wise
A Clockwork Orange;1971;1970s;UK;Dystopia;tt0066921;9.5;nm0000040;Stanley Kubrick
Colossus: The Forbin Project;1970;1970s;USA;SciFi;tt0064177;9;nm0765121;Joseph Sargent
A Man Called Horse;1970;1970s;USA;Western;tt0066049;8.5;nm0799033;Elliot Silverstein
L'aveu;1970;1970s;France;Historical;tt0065439;8.5;nm0002020;Costa-Gavras
Butch Cassidy and the Sundance Kid;1969;1960s;USA;Western;tt0064115;7.75;nm0001351;George Roy Hill
Midnight Cowboy;1969;1960s;USA;Drama;tt0064665;8;nm0772259;John Schlesinger
Easy Rider;1969;1960s;USA;Drama;tt0064276;8;nm0000454;Dennis Hopper
The Wild Bunch;1969;1960s;USA;Western;tt0065214;8;nm0001603;Sam Peckinpah
They Shoot Horses, Don't They?;1969;1960s;USA;Drama;tt0065088;8.25;nm0001628;Sydney Pollack
Z;1969;1960s;France;Drama;tt0065234;8.5;nm0002020;Costa-Gavras
Take the Money and Run;1969;1960s;USA;Comedy;tt0065063;7.25;nm0000095;Woody Allen
THX 1138;1971;1970s;USA;Dystopia;tt0066434;7;nm0000184;George Lucas
2001, A Space Odissey;1968;1960s;USA;SciFi;tt0062622;9.75;nm0000040;Stanley Kubrick
Bullit;1968;1960s;USA;Crime;tt0062765;7.75;nm0946811;Peter Yates
Once Upon a Time in the West;1968;1960s;Italy;Western;tt0064116;9.5;nm0001466;Sergio Leone
Rosemary's baby;1968;1960s;USA;Horror;tt0063522;8.5;nm0000591;Roman Polanski
Planet of the Apes;1968;1960s;USA;Dystopia;tt0063442;7.5;nm0769874;Franklin J. Schaffner
Night of the Living Dead;1968;1960s;USA;Horror;tt0063350;7.5;nm0001681;George A. Romero
The Lion in the Winter;1968;1960s;UK;Historical;tt0063227;8;nm0367431;Anthony Harvey
Faces;1968;1960s;USA;Drama;tt0062952;7.5;nm0001023;John Cassavetes
Targets;1968;1960s;USA;Thriller;tt0063671;7.5;nm0000953;Peter Bogdanovich
The Shoes of the Fisherman;1968;1960s;USA;Drama;tt0063599;7;nm0027183;Michael Anderson
Boogie Nights;1997;1990s;USA;Drama;tt0118749;8;nm0000759;Paul Thomas Anderson
The Crying Game;1992;1990s;UK;Thriller;tt0104036;7.25;nm0001403;Neil Jordan
Absence of Malice;1981;1980s;USA;Drama;tt0081974;7.5;nm0001628;Sydney Pollack
The Dresser;1983;1980s;UK;Drama;tt0085461;8.25;nm0946811;Peter Yates
Bonnie and Cyde;1967;1960s;USA;Thriller;tt0061418;8;nm0671957;Arthur Penn
Cool Hand Luke;1967;1960s;USA;Drama;tt0061512;8.25;nm0742341;Stuart Rosenberg
Dance of the Vampires;1967;1960s;USA;Comedy;tt0061655;7;nm0000591;Roman Polanski
Le samourai;1967;1960s;France;Crime;tt0062229;7.75;nm0578483;Jean-Pierre Melville
The Incident;1967;1960s;USA;Thriller;tt0061814;7.75;nm0670282;Larry Peerce
La vingt-cinquiéme heure;1967;1960s;France;War;tt0062445;8.5;nm0894577;Henri Verneuil
The Long Good Friday;1980;1980s;UK;Thriller;tt0081070;7.75;nm0533334;John Mackenzie
Babette's Feast;1987;1980s;Denmark;Drama;tt0092603;8.25;nm0002196;Gabriel Axel
Mesrine;2008;2000s;France;Crime;tt1259014;8;nm0724938;Jean-François Richet
Ponyo;2008;2000s;Japan;Fantasy;tt0876563;7.75;nm0594503;Hayao Miyazaki
Un Prophète;2009;2000s;France;Crime;tt1235166;9;nm0002191;Jacques Audiard
Abril Despedaçado;2001;2000s;Brazil;Drama;tt0291003;7.5;nm0758574;Walter Salles
Memories of Murder;2003;2000s;South Korea;Thriller;tt0353969;7.5;nm0094435;Bong Joon Ho
The Chaser;2008;2000s;South Korea;Thriller;tt1190539;8;nm2947553;Hong-jin Na
A Man for All Seasons;1966;1960s;UK;Historical;tt0060665;8.75;nm0003593;Fred Zinnemann
The Good, the Bad and the Ugly;1966;1960s;Italy;Western;tt0060196;9.5;nm0001466;Sergio Leone
Spirited Away;2001;2000s;Japan;Fantasy;tt0245429;9.25;nm0594503;Hayao Miyazaki
My Friend Totoro;1988;1980s;Japan;Fantasy;tt0096283;8.5;nm0594503;Hayao Miyazaki
Howl's Moving Castle;2004;2000s;Japan;Fantasy;tt0347149;8;nm0594503;Hayao Miyazaki
Ghost in the Shell, Innocence;2004;2000s;Japan;SciFi;tt0347246;8;nm0651900;Mamoru Oshii
The Hidden Blade;2004;2000s;Japan;Samurai;tt0442286;8.25;nm0945282;Yôji Yamada
Dawn of the Dead;2004;2000s;USA;Horror;tt0363547;7.5;nm0811583;Zack Snyder
Inside Out;2015;2010s;USA;Drama;tt2096673;7.75;nm0230032;Pete Docter
Up;2009;2000s;USA;Drama;tt1049413;8.5;nm0230032;Pete Docter
Wall-E;2008;2000s;USA;SciFi;tt0910970;8.75;nm0004056;Andrew Stanton
Ratatouille;2007;2000s;USA;Drama;tt0382932;7.75;nm0083348;Brad Bird
Anne of the Thousand Days;1969;1960s;UK;Historical;tt0064030;7.75;nm0418986;Charles Jarrott
Le Boucher;1970;1970s;France;Thriller;tt0064106;7.25;nm0001031;Claude Chabrol
Fahrenheit 451;1966;1960s;UK;Dystopia;tt0060390;8.25;nm0000076;François Truffaut
Fantastic Voyage;1966;1960s;USA;SciFi;tt0060397;7.5;nm0281507;Richard Fleischer
La battaglia di Algeri;1966;1960s;Algeria;Historical;tt0058946;8.5;nm0690597;Gillo Pontecorvo
The Hill;1965;1960s;UK;War;tt0059274;8.75;nm0001486;Sidney Lumet
The Sound of Music;1965;1960s;USA;Musical;tt0059742;8;nm0936404;Robert Wise
Alphaville;1965;1960s;France;Crime;tt0058898;7;nm0000419;Jean-Luc Godard
Chimes at Midnight;1965;1960s;Switzerland;Historical;tt0059012;7.5;nm0000080;Orson Welles
Mary Poppins;1964;1960s;USA;Musical;tt0058331;7.5;nm0829038;Robert Stevenson
Dr. Strangelove;1964;1960s;USA;Comedy;tt0057012;9.5;nm0000040;Stanley Kubrick
Per un pugno di dollari;1964;1960s;Italy;Western;tt0058461;8.75;nm0001466;Sergio Leone
A Shot in the Dark;1964;1960s;UK;Comedy;tt0058586;7.5;nm0001175;Blake Edwards
The Train;1964;1960s;USA;War;tt0059825;9;nm0001239;John Frankenheimer
Fail Safe;1964;1960s;USA;War;tt0058083;9.5;nm0001486;Sidney Lumet
The Great Escape;1963;1960s;USA;War;tt0057115;8.25;nm0836328;John Sturges
The Birds;1963;1960s;USA;Thriller;tt0056869;8;nm0000033;Alfred Hitchcock
The Haunting;1963;1960s;USA;Horror;tt0057129;9;nm0936404;Robert Wise
Shock Corridor;1963;1960s;USA;Drama;tt0057495;7.75;nm0002087;Samuel Fuller
The Bedford Incident;1965;1960s;USA;War;tt0058962;7.5;nm0364805;James B. Harris
Lawrence of Arabia;1962;1960s;UK;Historical;tt0056172;10;nm0000180;David Lean
The Man Who Shot Liberty Valance;1962;1960s;USA;Western;tt0056217;8.5;nm0000406;John Ford
Harakiri;1962;1960s;Japan;Samurai;tt0056058;9.75;nm0462030;Masaki Kobayashi
The Trial;1962;1960s;France;Dystopia;tt0057427;8;nm0000080;Orson Welles
Mutiny on the Bounty;1962;1960s;USA;Historical;tt0056264;7.75;nm0587277;Lewis Milestone
The Day the Earth Caught Fire;1961;1960s;USA;SciFi;tt0054790;7.5;nm0346436;Val Guest
Psycho;1960;1960s;USA;Horror;tt0054215;8.75;nm0000033;Alfred Hitchcock
Spartacus;1960;1960s;USA;Historical;tt0054331;8;nm0000040;Stanley Kubrick
The Magnificent Seven;1960;1960s;USA;Western;tt0054047;8;nm0836328;John Sturges
The Time Machine;1960;1960s;USA;SciFi;tt0054387;7.75;nm0657162;George Pal
Peeping Tom;1960;1960s;UK;Thriller;tt0054167;8;nm0003836;Michael Powell
Inherit the Wind;1960;1960s;USA;Historical;tt0053946;8.5;nm0006452;Stanley Kramer
Village of the Damned;1960;1960s;UK;Horror;tt0054443;7.5;nm0727211;Wolf Rilla
12 Angry Men;1957;1950s;USA;Drama;tt0050083;10;nm0001486;Sidney Lumet
The Incredible Shrinking Man;1957;1950s;USA;SciFi;tt0050539;7.75;nm0000791;Jack Arnold
Ben-Hur;1959;1950s;USA;Action;tt0052618;7.75;nm0943758;William Wyler
Julius Caesar;1953;1950s;USA;Historical;tt0045943;8.5;nm0000581;Joseph L. Mankiewicz
War of the Worlds;1953;1950s;USA;SciFi;tt0046534;7.5;nm0005738;Byron Haskin
Seven Samurai;1954;1950s;Japan;Samurai;tt0047478;9.5;nm0000041;Akira Kurosawa
Rear Window;1954;1950s;USA;Thriller;tt0047396;9.5;nm0000033;Alfred Hitchcock
Vertigo;1958;1950s;USA;Thriller;tt0052357;9;nm0000033;Alfred Hitchcock
Them!;1954;1950s;USA;Horror;tt0047573;7.5;nm0235066;Gordon Douglas
Gojira;1954;1950s;Japan;Horror;tt0047034;8.25;nm0393094;Ishirô Honda
The Bridge on the River Kwai;1957;1950s;UK;War;tt0050212;8.25;nm0000180;David Lean
Forbidden Planet;1956;1950s;USA;SciFi;tt0049223;9;nm0928208;Fred M. Wilcox
Paths of Glory;1957;1950s;USA;War;tt0050825;9;nm0000040;Stanley Kubrick
Alice in Wonderland;1951;1950s;USA;Fantasy;tt0043274;8;nm0314671;Clyde Geronimi
Le Salaire de la Peur;1953;1950s;France;Thriller;tt0046268;9.75;nm0167241;Henri-Georges Clouzot
Moby Dick;1956;1950s;USA;Drama;tt0049513;8.5;nm0001379;John Huston
The Fly;1958;1950s;USA;Horror;tt0051622;7.25;nm0627087;Kurt Neumann
The Day the Earth Stood Still;1951;1950s;USA;SciFi;tt0043456;8.25;nm0936404;Robert Wise
The Killing;1956;1950s;USA;Crime;tt0049406;8.5;nm0000040;Stanley Kubrick
Touch of Evil;1958;1950s;USA;Crime;tt0052311;9;nm0000080;Orson Welles
The Thing from Another World;1951;1950s;USA;Horror;tt0044121;7.5;nm0638528;Christian Nyby
Casablanca;1942;1940s;USA;Drama;tt0034583;9;nm0002031;Michael Curtiz
It's a Wonderful Life;1946;1940s;USA;Fantasy;tt0038650;9.5;nm0001008;Frank Capra
Citizen Kane;1941;1940s;USA;Drama;tt0033467;9.5;nm0000080;Orson Welles
The Great Dictator;1940;1940s;USA;Comedy;tt0032553;9;nm0000122;Charles Chaplin
Arsenic and Old Lace;1942;1940s;USA;Comedy;tt0036613;9;nm0001008;Frank Capra
O Pátio das Cantigas;1942;1940s;Portugal;Comedy;tt0035228;8;nm0722852;Francisco Ribeiro
O Leão da Estrela;1947;1940s;Portugal;Comedy;tt0039563;7.75;nm0239069;Arthur Duarte
O Pai Tirano;1941;1940s;Portugal;Comedy;tt0033994;8.25;nm0519845;António Lopes Ribeiro
The Wizard of Oz;1939;1930s;USA;Fantasy;tt0032138;8.25;nm0281808;Victor Fleming
Modern Times;1936;1930s;USA;Comedy;tt0027977;9.5;nm0000122;Charles Chaplin
Mr. Smith Goes to Washington;1939;1930s;USA;Comedy;tt0031679;9;nm0001008;Frank Capra
King Kong;1933;1930s;USA;Horror;tt0024216;8.5;nm0178260;Merian C. Cooper
La passion de Jeanne d'Arc;1928;1920s;France;Historical;tt0019254;10;nm0003433;Carl Theodor Dreyer
The Wind;1928;1920s;USA;Drama;tt0019585;9;nm0803705;Victor Sjöström
Metropolis;1927;1920s;Germany;Dystopia;tt0017136;9.5;nm0000485;Fritz Lang
The Gold Rush;1925;1920s;USA;Comedy;tt0015864;9;nm0000122;Charles Chaplin
Nosferatu;1922;1920s;Germany;Horror;tt0013442;9;nm0003638;F.W. Murnau
The Kid;1921;1920s;USA;Comedy;tt0012349;9.25;nm0000122;Charles Chaplin
The Adventures of Robin Hood;1938;1930s;USA;Action;tt0029843;8.25;nm0002031;Michael Curtiz
Les Misérables;2019;2010s;France;Drama;tt10199590;7.5;nm1868177;Lady Ly
The Apartment;1960;1960s;USA;Comedy;tt0053604;8.25;nm0000697;Billy Wilder
After the Wedding;2006;2000s;Denmark;Drama;tt0457655;7.75;nm0081540;Susanne Bier
Paper Moon;1973;1970s;USA;Drama;tt0070510;8.25;nm0000953;Peter Bogdanovich
The Stoning of Soraya M.;2008;2000s;USA;Drama;tt1277737;7.75;nm0637493;Cyrus Nowrasteh
Hard Eight;1996;1990s;USA;Drama;tt0119256;7.25;nm0000759;Paul Thomas Anderson
The General;1998;1990s;Ireland;Drama;tt0120706;7.75;nm0000958;John Boorman
The Interview;1998;1990s;Australia;Thriller;tt0120714;7;nm0597516;Craig Monahan
Rosewood;1997;1990s;USA;Historical;tt0120036;7.75;nm0005436;John Singleton
Brother/Brat;1997;1990s;Russia;Drama;tt0118767;7.5;nm0049326;Aleksey Balabanov
Land and Freedom;1995;1990s;UK;Historical;tt0114671;8.25;nm0516360;Ken Loach
Dangerous Beauty;1998;1990s;USA;Historical;tt0118892;7;nm0380980;Marshall Herskovitz
The Wind that Shakes the Barley;2006;2000s;Ireland;Historical;tt0460989;8.25;nm0516360;Ken Loach
Stalingrad;1993;1990s;Germany;Historical;tt0108211;8;nm0005917;Joseph Vilsmaier
Body Heat;1981;1980s;USA;Thriller;tt0082089;8;nm0001410;Lawrence Kasdan
The Sting;1973;1970s;USA;Thriller;tt0070735;8.5;nm0001351;George Roy Hill
The Ninth Configuration;1980;1980s;USA;Drama;tt0081237;7.5;nm0087861;William Peter Blatty
The Killing of a Chinese Bookie;1976;1970s;USA;Drama;tt0074749;7;nm0001023;John Cassavetes
Slaughterhouse-Five;1972;1970s;USA;Drama;tt0069280;7;nm0001351;George Roy Hill
The Friends of Eddie Coyle;1973;1970s;USA;Crime;tt0070077;7.5;nm0946811;Peter Yates
The Long Goodbye;1973;1970s;USA;Crime;tt0070334;7;nm0000265;Robert Altman
Charley Varrick;1973;1970s;USA;Crime;tt0069865;7.5;nm0796923;Don Siegel
The Shootist;1976;1970s;USA;Drama;tt0075213;8;nm0796923;Don Siegel
The Hills have Eyes;1977;1970s;USA;Horror;tt0077681;7;nm0000127;Wes Craven
Hardcore;1979;1970s;USA;Drama;tt0079271;8;nm0001707;Paul Schrader
Patton;1970;1970s;USA;War;tt0066206;8.25;nm0769874;Franklin J. Schaffner
The Anderson Tapes;1971;1970s;USA;Crime;tt0066767;7;nm0001486;Sidney Lumet
The Candidate;1972;1970s;USA;Politics;tt0068334;7.5;nm0006916;Michael Ritchie
Klute;1971;1970s;USA;Thriller;tt0067309;8.25;nm0001587;Alan J. Pakula
L.A. Confidencial;1997;1990s;USA;Crime;tt0119488;7.5;nm0000436;Curtis Hanson
Dirty Harry;1971;1970s;USA;Thriller;tt0066999;8;nm0796923;Don Siegel
Mean Streets;1973;1970s;USA;Drama;tt0070379;7;nm0000217;Martin Scorsese
The Warriors;1979;1970s;USA;Thriller;tt0080120;7.25;nm0001353;Walter Hill
Le Cercle Rouge;1970;1970s;France;Crime;tt0065531;7;nm0578483;Jean-Pierre Melville
A Touch of Zen;1970;1970s;Taiwan;Action;tt0064451;7.5;nm0002254;King Hu
Escape from Alcatraz;1979;1970s;USA;Crime;tt0079116;7.25;nm0796923;Don Siegel
Lady Snowblood;1973;1970s;Japan;Thriller;tt0158714;9;nm0297846;Toshiya Fujita
The Conformist;1970;1970s;Italy;Drama;tt0065571;7;nm0000934;Bernardo Bertolucci
Rumble Fish;1983;1980s;USA;Drama;tt0086216;7;nm0000338;Francis Ford Coppola
Romper Stomper;1992;1990s;Australia;Drama;tt0105275;7.75;nm0942408;Geoffrey Wright
The Ascent;1977;1970s;Russia;War;tt0075404;8.75;nm0791899;Larisa Shepitko
Demon Seed;1977;1970s;USA;SciFi;tt0075931;7.25;nm0131910;Donald Cammell
Autumn Sonata;1978;1970s;Sweden;Drama;tt0077711;8;nm0000005;Ingmar Bergman
The Ballad of Cable Hogue;1970;1970s;USA;Comedy;tt0065446;7;nm0001603;Sam Peckinpah
The Fall of Ako Castle;1978;1970s;Japan;Samurai;tt0077135;7.75;nm0297935;Kinji Fukasaku
Shogun Assassin;1980;1980s;Japan;Samurai;tt0081506;7.25;nm0593014;Kenji Misumi
Shaft;1971;1970s;USA;Crime;tt0067741;7.25;nm0662953;Gordon Parks
Blue Collar;1978;1970s;USA;Crime;tt0077248;7.5;nm0001707;Paul Schrader
Le Charme Discret de la Bourgeoisie;1972;1970s;France;Comedy;tt0068361;7.75;nm0000320;Luis Buñuel
Amarcord;1973;1970s;Italy;Comedy;tt0071129;7.75;nm0000019;Federico Fellini
Frenzy;1972;1970s;UK;Thriller;tt0068611;7.75;nm0000033;Alfred Hitchcock
The Parallax View;1974;1970s;USA;Thriller;tt0071970;7.25;nm0001587;Alan J. Pakula
The Marriage of Maria Braun;1979;1970s;Germany;Drama;tt0079095;9;nm0001202;Rainer Werner Fassbinder
The Night Comes for Us;2018;2010s;Indonesia;Action;tt6116856;7.75;nm3464186;Timo Tjahjanto
The Duellists;1977;1970s;UK;Drama;tt0075968;7.75;nm0000631;Ridley Scott
Capricorn One;1977;1970s;USA;Thriller;tt0077294;7.25;nm0001382;Peter Hyams
Blood Simple;1984;1980s;USA;Thriller;tt0086979;7;nm0001053.nm0001054;Cohen Brothers
Carrie;1976;1970s;USA;Horror;tt0074285;7.75;nm0000361;Brian De Palma
The Front;1976;1970s;USA;Drama;tt0074554;7.5;nm0728688;Martin Ritt
Interiors;1978;1970s;USA;Drama;tt0077742;7.25;nm0000095;Woody Allen
Hotel Rwanda;2004;2000s;UK;Historical;tt0395169;8.5;nm0313623;Terry George
Sleeper;1973;1970s;USA;Comedy;tt0070707;7;nm0000095;Woody Allen
The Tragedy of Macbeth;1971;1970s;UK;Drama;tt0067372;7.5;nm0000591;Roman Polanski
Waterloo;1970;1970s;Russia;Historical;tt0066549;7.5;nm0094083;Sergey Bondarchuk
That Obscure Object of Desire;1977;1970s;France;Drama;tt0075824;8;nm0000320;Luis Buñuel
The China Syndrome;1979;1970s;USA;Thriller;tt0078966;8.25;nm0108745;James Bridges
Stroszek;1977;1970s;Germany;Drama;tt0075276;7.25;nm0001348;Werner Herzog
Grave of the Fireflies;1988;1980s;Japan;Drama;tt0095327;8.5;nm0847223;Isao Takahata
The Day of the Jackal;1973;1970s;UK;Thriller;tt0069947;7.75;nm0003593;Fred Zinnemann
Cobra Verde;1987;1980s;Germany;Fantasy;tt0094888;7.25;nm0001348;Werner Herzog
A Bridge too Far;1977;1970s;UK;War;tt0075784;7.25;nm0000277;Richard Attenborough
The Killers;2014;2010s;Indonesia;Horror;tt2409300;8;nm3464186;Timo Tjahjanto 
High Plains Drifter;1973;1970s;USA;Western;tt0068699;7.5;nm0000142;Clint Eastwood
The Taking of Pelham 123;1974;1970s;USA;Crime;tt0072251;7.75;nm0765121;Joseph Sargent
The Devils;1971;1970s;UK;Historical;tt0066993;9;nm0001692;Ken Russell
Altered States;1980;1980s;USA;SciFi;tt0080360;7;nm0001692;Ken Russell
The Outsiders;1983;1980s;USA;Drama;tt0086066;7.25;nm0000338;Francis Ford Coppola
The Hand That Rocks the Cradle;1992;1990s;USA;Thriller;tt0104389;7;nm0000436;Curtis Hanson
Zelig;1983;1980s;USA;Comedy;tt0086637;8;nm0000095;Woody Allen
City on Fire;1987;1980s;Hong Kong;Crime;tt0093435;7.5;nm0482681;Ringo Lam
The Dead Zone;1983;1980s;USA;Thriller;tt0085407;8;nm0000343;David Cronenberg
Scarecrow;1973;1970s;USA;Drama;tt0070643;8.5;nm0770234;Jerry Schatzberg
...and Justice for All;1979;1970s;USA;Drama;tt0078718;8.5;nm0422484;Norman Jewison
Badlands;1973;1970s;USA;Drama;tt0069762;8;nm0000517;Terrence Malick
True Grit;2010;2010s;USA;Western;tt1403865;7.75;nm0001053.nm0001054;Cohen Brothers
Panic in Needle Park;1971;1970s;USA;Drama;tt0067549;7.5;nm0770234;Jerry Schatzberg
Dallas Buyers Club;2013;2010s;USA;Drama;tt0790636;8;nm0885249;Jean-Marc Vallée
Samurai Rebellion;1967;1960s;Japan;Samurai;tt0061847;9.25;nm0462030;Masaki Kobayashi
Days of Heaven;1978;1970s;USA;Drama;tt0077405;7;nm0000517;Terrence Malick
Hard Boiled;1992;1990s;Hong Kong;Crime;tt0104684;7;nm0000247;John Woo
Nausicaa of the Valley of the Wind;1984;1980s;Japan;Fantasy;tt0087544;8.25;nm0594503;Hayao Miyazaki
The Omen;1976;1970s;USA;Horror;tt0075005;7;nm0001149;Richard Donner
Pusher;1996;1990s;Denmark;Thriller;tt0117407;7.5;nm0716347;Nicolas Winding Refn
The Bitter Tears of Petra von Kant;1972;1970s;Germany;Drama;tt0068278;7.5;nm0001202;Rainer Werner Fassbinder
Sitting Target;1972;1970s;UK;Crime;tt0069273;7.5;nm0382779;Douglas Hickox
When the Last Sword is Drawn;2002;2000s;Japan;Samurai;tt0359692;7.25;nm0847690;Yôjirô Takita
Signs;2002;2000s;USA;Horror;tt0286106;7.25;nm0796117;M. Night Shyamalan
Warrior;2011;2010s;USA;Drama;tt1291584;8;nm0640334;Gavin O'Connor
Mr.Klein;1976;1970s;France;Drama;tt0074916;8.25;nm0521334;Joseph Losey
Donnie Brasco;1997;1990s;USA;Crime;tt0119008;7.75;nm0001565;Mike Newell
Yakuza;1974;1970s;USA;Crime;tt0073918;8.75;nm0001628;Sydney Pollack
Fortress;1985;1980s;Australia;Thriller;tt0091069;7.25;nm0629774;Arch Nicholson
Martin;1977;1970s;USA;Horror;tt0077914;7.5;nm0001681;George A. Romero
Midnight Run;1988;1980s;USA;Comedy;tt0095631;8;nm0000976;Martin Brest
Running on Empty;1988;1980s;USA;Drama;tt0096018;7.75;nm0001486;Sidney Lumet
Angst;1983;1980s;Germany;Horror;tt0165623;7.25;nm0439231;Gerald Kargl
The Insider;1999;1990s;USA;Thriller;tt0140352;7.75;nm0000520;Michael Mann
Valmont;1989;1980s;France;Drama;tt0098575;7.75;nm0001232;Milos Forman
Ali: Fear Eats the Soul;1974;1970s;Germany;Drama;tt0071141;8.25;nm0001202;Rainer Werner Fassbinder
Cabaret;1972;1970s;USA;Musical;tt0068327;8;nm0002080;Bob Fosse
Shura, Demons;1971;1970s;Japan;Samurai;tt0165473;8.5;nm0559564;Toshio Matsumoto
La Nuit Américaine;1973;1970s;France;Comedy;tt0070460;8;nm0000076;François Truffaut
Mephisto;1981;1980s;Germany;Drama;tt0082736;8.25;nm0843640;István Szabó
Another Woman;1988;1980s;USA;Drama;tt0094663;7.5;nm0000095;Woody Allen
Kramer vs Kramer;1979;1970s;USA;Drama;tt0079417;7;nm0000914;Robert Benton
Abre los Ojos;1997;1990s;Spain;SciFi;tt0125659;7.75;nm0024622;Alejandro Amenábar
Play it again Sam;1972;1970s;USA;Comedy;tt0069097;7;nm0000095;Woody Allen
La Double Vie de Véronique;1991;1990s;France;Drama;tt0101765;7.5;nm0001425;Krzysztof Kieslowski
My Left Foot;1989;1980s;Ireland;Drama;tt0097937;8;nm0006487;Jim Sheridan
The Royal Tenenbaums;2001;2000s;USA;Comedy;tt0265666;7.75;nm0027572;Wes Anderson
Harold and Maude;1971;1970s;USA;Comedy;tt0067185;8.5;nm0000797;Hal Ashby
It's Such a Beautiful Day;2012;2010s;USA;Drama;tt2396224;8;nm0381116;Don Hertzfeldt
Trois Couleurs: Bleu;1993;1990s;France;Drama;tt0108394;7.25;nm0001425;Krzysztof Kieslowski
Gandhi;1982;1980s;UK;Historical;tt0083987;9.5;nm0000277;Richard Attenborough
Trois Couleurs: Rouge;1994;1990s;France;Drama;tt0111495;8;nm0001425;Krzysztof Kieslowski
Merry Christmas Mr. Lawrence;1983;1980s;Japan;War;tt0085933;7;nm0651915;Nagisa Ôshima
Le Chat;1971;1970s;France;Drama;tt0066906;7.5;nm0335133;Pierre Granier-Deferre
Your Name;2016;2010s;Japan;Fantasy;tt5311514;8.25;nm1396121;Makoto Shinkai
The Goodbye Girl;1977;1970s;USA;Comedy;tt0076095;7.25;nm0006889;Herbert Ross
The Last Picture Show;1971;1970s;USA;Drama;tt0067328;8;nm0000953;Peter Bogdanovich
Fanny and Alexander;1982;1980s;Sweden;Drama;tt0083922;9;nm0000005;Ingmar Bergman
Sleuth;1972;1970s;UK;Thriller;tt0069281;8;nm0000581;Joseph L. Mankiewicz
The Last Detail;1973;1970s;USA;Comedy;tt0070290;7;nm0000797;Hal Ashby
The Tin Drum;1979;1970s;Germany;Drama;tt0078875;7.25;nm0772522;Volker Schlöndorff
Veronika Voss;1982;1980s;Germany;Drama;tt0084654;7.25;nm0001202;Rainer Werner Fassbinder
Lion of the Desert;1980;1980s;Lybia;Historical;tt0081059;7.5;nm0002160;Moustapha Akkad
The Man Who Would Be King;1975;1970s;UK;Action;tt0073341;8;nm0001379;John Huston
In the Realm of the Senses;1976;1970s;Japan;Erotic;tt0074102;7.75;nm0651915;Nagisa Ôshima
To Live and Die in L.A.;1985;1980s;USA;Crime;tt0090180;7;nm0001243;William Friedkin
Close-Up;1990;1990s;Iran;Drama;tt0100234;8;nm0452102;Abbas Kiarostami
The Scarlet and the Black;1983;1980s;USA;War;tt0086251;7;nm0518719;Jerry London
Weathering with You;2019;2010s;Japan;Fantasy;tt9426210;7.25;nm1396121;Makoto Shinkai
The Inugami Family;1976;1970s;Japan;Crime;tt0074691;7.5;nm0406728;Kon Ichikawa
Certified Copy;2010;2010s;France;Drama;tt1020773;7.25;nm0452102;Abbas Kiarostami
Rushmore;1998;1990s;USA;Comedy;tt0128445;8.25;nm0027572;Wes Anderson
Matewan;1987;1980s;USA;Historical;tt0093509;8;nm0000626;John Sayles
Rashomon;1950;1950s;Japan;Crime;tt0042876;9;nm0000041;Akira Kurosawa
Where is the Friend's House;1987;1980s;Iran;Drama;tt0093342;7.5;nm0452102;Abbas Kiarostami
When Father was Away on Business;1985;1980s;Yoguslavia;Drama;tt0089748;7.5;nm0001437;Emir Kusturica
Ryan's Daughter;1970;1970s;UK;Drama;tt0066319;8.5;nm0000180;David Lean
Fiddler on the Roof;1971;1970s;USA;Musical;tt0067093;8;nm0422484;Norman Jewison
Yojimbo;1961;1960s;Japan;Samurai;tt0055630;9;nm0000041;Akira Kurosawa
Sanjuro;1962;1960s;Japan;Samurai;tt0056443;7.75;nm0000041;Akira Kurosawa
Throne of Blood;1957;1950s;Japan;Samurai;tt0050613;8.5;nm0000041;Akira Kurosawa
The Deadly Affair;1967;1960s;UK;Thriller;tt0061556;7.25;nm0001486;Sidney Lumet
Onibaba;1964;1960s;Japan;Horror;tt0058430;9;nm0793881;Kaneto Shindô
The Manchurian Candidate;1962;1960s;USA;Thriller;tt0056218;8.75;nm0001239;John Frankenheimer
Persona;1966;1960s;Sweden;Drama;tt0060827;7.5;nm0000005;Ingmar Bergman
Lolita;1962;1960s;USA;Drama;tt0056193;7.75;nm0000040;Stanley Kubrick
Le Doulos;1962;1960s;France;Crime;tt0054821;7.75;nm0578483;Jean-Pierre Melville
The Tale of Zatoichi;1962;1960s;Japan;Samurai;tt0056714;8.5;nm0593014;Kenji Misumi
The Sword of Doom;1966;1960s;Japan;Samurai;tt0060277;8.5;nm0645477;Kihachi Okamoto
Kwaidan;1964;1960s;Japan;Horror;tt0058279;7.75;nm0462030;Masaki Kobayashi
8½;1963;1960s;Italy;Drama;tt0056801;7;nm0000019;Federico Fellini
Cape Fear;1962;1960s;USA;Thriller;tt0055824;8.25;nm0496746;J. Lee Thompson
La 317ème section;1965;1960s;France;War;tt0058863;7.75;nm0006954;Pierre Schoendoerffer
The Night of the Iguana;1964;1960s;USA;Drama;tt0058404;8.25;nm0001379;John Huston
Samurai Assassin;1965;1960s;Japan;Samurai;tt0059673;7.25;nm0645477;Kihachi Okamoto
Winter Light;1963;1960s;Sweden;Drama;tt0057358;7.5;nm0000005;Ingmar Bergman
Ratcatcher;1999;1990s;UK;Drama;tt0171685;8;nm0708903;Lynne Ramsay
Jonas qui aura 25 Ans en l'An 2000;1976;1970s;Switzerland;Drama;tt0074718;7.25;nm0849609;Alain Tanner
Wild River;1960;1960s;USA;Drama;tt0054476;8;nm0001415;Elia Kazan
The Holy Mountain;1973;1970s;Mexico;Fantasy;tt0071615;7.75;nm0423524;Alejandro Jodorowsky
True Romance;1993;1990s;USA;Crime;tt0108399;7.5;nm0001716;Tony Scott
Ju Dou, Secret Love Hidden Faces;1990;1990s;China;Drama;tt0099902;8.25;nm0955443;Yimou Zhang
Thief;1981;1980s;USA;Crime;tt0083190;7;nm0000520;Michael Mann
Raise the Red Lantern;1991;1990s;China;Drama;tt0101640;8.25;nm0955443;Yimou Zhang
Primal Fear;1996;1990s;USA;Crime;tt0117381;8;nm0387706;Gregory Hoblit
Huo Zhe, To Live;1994;1990s;China;Drama;tt0110081;9.25;nm0955443;Yimou Zhang
Story of Qiu Ju;1992;1990s;China;Drama;tt0105197;7.5;nm0955443;Yimou Zhang
Starred Up;2013;2010s;UK;Crime;tt2567712;8.25;nm0533284;David Mackenzie
Farewell my Concubine;1993;1990s;China;Historical;tt0106332;9;nm0155280;Kaige Chen
Brat 2;2000;2000s;Russia;Crime;tt0238883;7.5;nm0049326;Aleksey Balabanov
Fantastic Mr. Fox;2009;2000s;USA;Comedy;tt0432283;7.5;nm0027572;Wes Anderson
Festen, The Celebration;1998;1990s;Denmark;Drama;tt0154420;8.25;nm0899121;Thomas Vinterberg
Cronos;1993;1990s;Mexico;Horror;tt0104029;7;nm0868219;Guillermo del Toro
Husbands and Wives;1992;1990s;USA;Drama;tt0104466;8;nm0000095;Woody Allen
Orphan;2009;2000s;USA;Horror;tt1148204;7;nm1429471;Jaume Collet-Serra
Music Box;1989;1980s;USA;Drama;tt0100211;7.75;nm0002020;Costa-Gavras
Amen.;2002;2000s;France;Drama;tt0280653;8;nm0002020;Costa-Gavras
All or Nothing;2002;2000s;UK;Drama;tt0286261;7.75;nm0005139;Mike Leigh
Life is Sweet;1990;1990s;UK;Drama;tt0100024;7;nm0005139;Mike Leigh
Submarino;2010;2010s;Denmark;Drama;tt1322385;8.25;nm0899121;Thomas Vinterberg
A Man called Ove;2015;2010s;Sweden;Comedy;tt4080728;8.25;nm0391502;Hannes Holm
Carlito's Way;1993;1990s;USA;Crime;tt0106519;8.25;nm0000361;Brian De Palma
Devils on the Door Step;2000;2000s;China;War;tt0245929;9.5;nm0422638;Wen Jiang
Revanche;2008;2000s;Germany;Crime;tt1173745;7.75;nm0818608;Götz Spielmann
2010;1984;1980s;USA;SciFi;tt0086837;7.25;nm0001382;Peter Hyams
Like Father, Like Son;2013;2010s;Japan;Drama;tt2331143;8.25;nm0466153;Hirokazu Koreeda
Europa Europa;1990;1990s;Germany;War;tt0099776;7.25;nm0002140;Agnieszka Holland
Loveless;2017;2010s;Russia;Drama;tt6304162;7.75;nm1168657;Andrey Zvyagintsev
Los Abrazos Rotos;2009;2000s;Spain;Drama;tt0913425;7;nm0000264;Pedro Almodóvar
Aniara;2018;2010s;Sweden;SciFi;tt7589524;7.25;nm2445423;Pella Kagerman
Shogun's Shadow;1989;1980s;Japan;Samurai;tt0098322;7.75;nm0299175;Yasuo Furuhata
Nobody Knows;2004;2000s;Japan;Drama;tt0408664;8.5;nm0466153;Hirokazu Koreeda
Runaway Train;1985;1980s;USA;Thriller;tt0089941;8.25;nm0464846;Andrey Konchalovskiy
Carne Tremula;1997;1990s;Spain;Drama;tt0118819;7;nm0000264;Pedro Almodóvar
The Wind Rises;2013;2010s;Japan;Drama;tt2013293;7.25;nm0594503;Hayao Miyazaki
The Iron Giant;1999;1990s;USA;Action;tt0129167;7.5;nm0083348;Brad Bird
The Brotherhood of War;2004;2000s;South Korea;War;tt0386064;8.5;nm0437625;Je-kyu Kang
El Secreto de sus Ojos;2009;2000s;Argentina;Thriller;tt1305806;9.25;nm0002728;Juan José Campanella
Ford v Ferrari;2019;2010s;USA;Action;tt1950186;7.5;nm0003506;James Mangold
Seul contre Tous;1998;1990s;France;Drama;tt0157016;7.5;nm0637615;Gaspar Noé
Ordinary People;1980;1980s;USA;Drama;tt0081283;7.75;nm0000602;Robert Redford
Relatos Salvajes;2014;2010s;Argentina;Comedy;tt3011894;8;nm1167933;Damián Szifron
La Historia Oficial;1985;1980s;Argentina;Historical;tt0089276;8.25;nm0699933;Luis Puenzo
Into the Wild;2007;2000s;USA;Drama;tt0758758;8;nm0000576;Sean Penn
Au Revoir les Enfants;1987;1980s;France;Drama;tt0092593;8;nm0001501;Louis Malle
Not One Less;1999;1990s;China;Drama;tt0209189;8;nm0955443;Yimou Zhang
Shoplifters;2018;2010s;Japan;Drama;tt8075192;8;nm0466153;Hirokazu Koreeda
Bang Boom Bang;1999;1990s;Germany;Comedy;tt0135790;7.75;nm0861826;Peter Thorwarth
Still Walking;2008;2000s;Japan;Drama;tt1087578;8;nm0466153;Hirokazu Koreeda
When the Wind Blows;1986;1980s;UK;Drama;tt0090315;7;nm0613471;Jimmy T. Murakami
A Separation;2011;2010s;Iran;Drama;tt1832382;9;nm1410815;Asghar Farhadi
Savior;1998;1990s;USA;War;tt0120070;7.75;nm0031342;Predrag Antonijevic
A Moment to Remember;2004;2000s;South Korea;Drama;tt0428870;8;nm0497565;John H. Lee
O Auto da Compadecida;2000;2000s;Brazil;Comedy;tt0271383;8;nm0037136;Guel Arraes
Dark Eyes;1987;1980s;Italy;Drama;tt0093664;7;nm0586482;Nikita Mikhalkov
No Man's Land;2001;2000s;Bosnia and Herzegovina;War;tt0283509;8.25;nm0849786;Danis Tanovic
Children of Heaven;1997;1990s;Iran;Drama;tt0118849;7.75;nm0006498;Majid Majidi
In the Heat of the Sun;1994;1990s;China;Drama;tt0111786;7.25;nm0422638;Wen Jiang
Whiplash;2014;2010s;USA;Drama;tt2582802;7.75;nm3227090;Damien Chazelle
The Tale of Princess Kaguya;2013;2010s;Japan;Fantasy;tt2576852;7.75;nm0847223;Isao Takahata
Milk;2008;2000s;USA;Politics;tt1013753;8;nm0001814;Gus Van Sant
Roadgames;1981;1980s;Australia;Thriller;tt0083000;7.25;nm0002207;Richard Franklin
Elephant;2003;2000s;USA;Crime;tt0363589;7.5;nm0001814;Gus Van Sant
A Silent Voice;2016;2010s;Japan;Drama;tt5323662;7.5;nm2210720;Naoko Yamada
I, Daniel Blake;2016;2010s;UK;Drama;tt5168192;9;nm0516360;Ken Loach
Unknown Soldier;2007;2000s;Finland;War;tt4065552;7.25;nm0521803;Aku Louhimies
Bound;1996;1990s;USA;Crime;tt0115736;7.75;nm0905152.nm0905154;Wachowski Brothers
Lucky Number Slevin;2006;2000s;USA;Crime;tt0425210;7.75;nm0006476;Paul McGuigan
Threads;1984;1980s;UK;Dystopia;tt0090163;8.25;nm0413875;Mick Jackson
The Boondock Saints;1999;1990s;USA;Crime;tt0144117;7.25;nm0240627;Troy Duffy
Adaptation.;2002;2000s;USA;Drama;tt0268126;7;nm0005069;Spike Jonze
A Bronx Tale;1993;1990s;USA;Drama;tt0106489;7.5;nm0000134;Robert De Niro
Knockin' on Heaven's Door;1997;1990s;Germany;Crime;tt0119472;7;nm0415714;Thomas Jahn
End Of Watch;2012;2010s;USA;Crime;tt1855199;8.5;nm0043742;David Ayer
Dead Man's Shoes;2004;2000s;UK;Thriller;tt0419677;8.25;nm0276349;Shane Meadows
Boyz n the Hood;1991;1990s;USA;Drama;tt0101507;7.75;nm0005436;John Singleton
What We Do in the Shadows;2014;2010s;New Zealand;Comedy;tt3416742;8;nm0169806;Taika Waititi
La Migliore Offerta;2013;2010s;Italy;Drama;tt1924396;7.25;nm0868153;Giuseppe Tornatore
Sling Blade;1996;1990s;USA;Drama;tt0117666;8.75;nm0000671;Billy Bob Thornton
Nueve Reinas;2000;2000s;Argentina;Crime;tt0247586;8.5;nm0081433;Fabián Bielinsky
Mommy;2014;2010s;Canada;Drama;tt3612616;7.75;nm0230859;Xavier Dolan
Monster's Ball;2001;2000s;USA;Drama;tt0285742;7.5;nm0286975;Marc Forster
Leaving Las Vegas;1995;1990s;USA;Drama;tt0113627;7.5;nm0001214;Mike Figgis
The Princess Bride;1987;1980s;USA;Fantasy;tt0093779;8.25;nm0001661;Rob Reiner
Cromwell;1970;1970s;UK;Historical;tt0065593;7.5;nm0400731;Ken Hughes
Stand by Me;1986;1980s;USA;Drama;tt0092005;7.75;nm0001661;Rob Reiner
La Grande Bouffe;1973;1970s;France;Drama;tt0070130;7.5;nm0274659;Marco Ferreri
Il Deserto dei Tartari;1976;1970s;Italy;War;tt0074400;7.5;nm0958801;Valerio Zurlini
The Cassandra Crossing;1976;1970s;UK;Thriller;tt0074292;7;nm0181902;George P. Cosmatos
Only Yesterday;1991;1990s;Japan;Drama;tt0102587;7.75;nm0847223;Isao Takahata
See no Evil;1971;1970s;UK;Thriller;tt0067727;7;nm0281507;Richard Fleischer
Milano Calibro 9;1972;1970s;Italy;Crime;tt0067429;7.25;nm0223964;Fernando Di Leo
Vengeance Is Mine;1979;1970s;Japan;Crime;tt0079182;8.5;nm0408076;Shohei Imamura
Black Rain;1989;1980s;Japan;Drama;tt0097694;8;nm0408076;Shohei Imamura
Departures;2008;2000s;Japan;Drama;tt1069238;9.25;nm0847690;Yôjirô Takita
Jean de Florette;1986;1980s;France;Drama;tt0091288;8.25;nm0001945;Claude Berri
Manon des sources;1986;1980s;France;Drama;tt0091480;8.25;nm0001945;Claude Berri
Muddy River;1981;1980s;Japan;Drama;tt0082280;7.25;nm0644850;Kôhei Oguri
Tokyo Sonata;2008;2000s;Japan;Drama;tt0938341;7.75;nm0475905;Kiyoshi Kurosawa
My Life as a Dog;1985;1980s;Sweden;Drama;tt0089606;7.75;nm0002120;Lasse Hallström
Pelle the Conquerer;1987;1980s;Denmark;Drama;tt0093713;8;nm0000806;Bille August
The Perks of Being a Wallflower;2012;2010s;USA;Drama;tt1659337;7.75;nm0154716;Stephen Chbosky
Call Me by Your Name;2017;2010s;Italy;Drama;tt5726616;8;nm0345174;Luca Guadagnino
'71;2014;2010s;UK;War;tt2614684;8;nm1312919;Yann Demange
The Fighter;2010;2010s;USA;Drama;tt0964517;7.25;nm0751102;David O. Russell
Peppermint Candy;1999;1990s;South Korea;Drama;tt0247613;7.5;nm0496969;Chang-dong Lee
Kukushka;2002;2000s;Russia;War;tt0308476;7.25;nm0737400;Aleksandr Rogozhkin
Mary and Max;2009;2000s;Australia;Drama;tt0978762;7.5;nm0254178;Adam Elliot
Eureka;2000;2000s;Japan;Drama;tt0243889;7.5;nm0031888;Shinji Aoyama
Love Exposure;2008;2000s;Japan;Drama;tt1128075;9.25;nm0814469;Sion Sono
De Oost;2020;2020s;Netherlands;War;tt8639136;8;nm2165987;Jim Taihuttu
God's Own Country;2017;2010s;UK;Drama;tt5635086;7.5;nm0497274;Francis Lee
Candyman;1992;1990s;USA;Horror;tt0103919;7.5;nm0741262;Bernard Rose
Cold Fish;2010;2010s;Japan;Horror;tt1632547;8.5;nm0814469;Sion Sono
Germinal;1993;1990s;France;Drama;tt0107002;8;nm0001945;Claude Berri
The Medusa Touch;1978;1970s;UK;Thriller;tt0077921;7.25;nm0324995;Jack Gold
Picnic at Hanging Rock;1975;1970s;Australia;Drama;tt0073540;7.25;nm0001837;Peter Weir
The Island;2006;2000s;Russia;Drama;tt0851577;8;nm0526732;Pavel Lungin
Prisoner of the Mountains;1996;1990s;Russia;War;tt0116754;7.75;nm0091076;Sergei Bodrov
Hunt for the Wilderpeople;2016;2010s;New Zealand;Comedy;tt4698684;8;nm0169806;Taika Waititi
Contratiempo;2016;2010s;Spain;Crime;tt4857264;8;nm1079062;Oriol Paulo
Mongol;2007;2000s;Russia;Historical;tt0416044;7.25;nm0091076;Sergei Bodrov
Rabid Dogs;1974;1970s;Italy;Crime;tt0071275;7.25;nm0000878;Mario Bava
Tremors;1990;1990s;USA;Horror;tt0100814;7.5;nm0881038;Ron Underwood
The Sugarland Express;1974;1970s;USA;Crime;tt0072226;7.25;nm0000229;Steven Spielberg
Framed;1975;1970s;USA;Crime;tt0073015;7.75;nm0439597;Phil Karlson
Amator;1979;1970s;Poland;Politics;tt0078763;8;nm0001425;Krzysztof Kieslowski
Le Jeu;2018;2010s;France;Drama;tt7489816;7.75;nm0146991;Fred Cavayé
Heavenly Creatures;1994;1990s;New Zealand;Drama;tt0110005;7.5;nm0001392;Peter Jackson
The Invitation;2015;2010s;USA;Thriller;tt2400463;7.5;nm0476201;Karyn Kusama
The Tracker;2002;2000s;Australia;Drama;tt0212132;7.75;nm0208854;Rolf de Heer
'Breaker' Morant;1980;1980s;Australia;Historical;tt0080310;8.25;nm0000915;Bruce Beresford
Gallipoli;1981;1980s;Australia;Historical;tt0082432;8;nm0001837;Peter Weir
A Girl Walks Home Alone at Night;2014;2010s;Iran;Horror;tt2326554;7.75;nm3235877;Ana Lily Amirpour
Near Dark;1987;1980s;USA;Horror;tt0093605;7.5;nm0000941;Kathryn Bige⌈low
Under the Shadow;2016;2010s;Iran;Horror;tt4273292;7.75;nm2035118;Babak Anvari
Lady Bird;2017;2010s;USA;Drama;tt4925292;8;nm1950086;Greta Gerwig
Habit;1995;1990s;USA;Horror;tt0113241;7;nm0275244;Larry Fessenden
The Artist;2011;2010s;France;Drama;tt1655442;7.5;nm0371890;Michel Hazanavicius
The Favourite;2018;2010s;Ireland;Historical;tt5083738;8.25;nm0487166;Yorgos Lanthimos
The Killing of a Sacred Deer;2017;2010s;Ireland;Horror;tt5715874;8.75;nm0487166;Yorgos Lanthimos
Il Ladro di Bambini;1992;1990s;Italy;Drama;tt0104663;7.75;nm0002167;Gianni Amelio
Timbuktu;2014;2010s;Mauritania;Drama;tt3409392;8.5;nm0803066;Abderrahmane Sissako
La Grande Bellezza;2013;2010s;Italy;Drama;tt2358891;9;nm0815204;Paolo Sorrentino
Il Postino;1994;1990s;Italy;Drama;tt0110877;8.25;nm0705535;Michael Radford
Investigation of a Citizen above Suspicion;1970;1970s;Italy;Politics;tt0065889;8.75;nm0677880;Elio Petri
The Peanut Butter Falcon;2019;2010s;USA;Comedy;tt4364194;7.25;nm2436566;Tyler Nilson
The Other;1972;1970s;USA;Horror;tt0069050;7.5;nm0612322;Robert Mulligan
Soleil Rouge;1971;1970s;France;Western;tt0067770;7.25;nm0950109;Terence Young
The Night Strangler;1973;1970s;USA;Crime;tt0069002;7.5;nm0193303;Dan Curtis
White Sun of the Desert;1970;1970s;Russia;Action;tt0066565;7.25;nm0609594;Vladimir Motyl
Family Plot;1976;1970s;USA;Crime;tt0074512;7;nm0000033;Alfred Hitchcock
Punishment Park;1971;1970s;USA;Politics;tt0067633;9;nm0914386;Peter Watkins
Cria Corvos;1976;1970s;Spain;Drama;tt0074360;7;nm0767022;Carlos Saura
Le Jouet;1976;1970s;France;Comedy;tt0074720;7.75;nm0891554;Francis Veber
The Entity;1982;1980s;USA;Horror;tt0082334;8.25;nm0002089;Sidney J. Furie
Il Caso Mattei;1972;1970s;Italy;Politics;tt0068346;8;nm0742940;Francesco Rosi
Life of Pi;2012;2010s;USA;Drama;tt0454876;8.5;nm0000487;Ang Lee
Fractured;2019;2010s;USA;Thriller;tt4332232;7.5;nm0026442;Brad Anderson
Série Noire;1979;1970s;France;Crime;tt0079980;7.25;nm0006734;Alain Corneau
Scum;1979;1970s;UK;Drama;tt0079871;8;nm0164639;Alan Clarke
Face to Face;1976;1970s;Sweden;Drama;tt0074147;7.5;nm0000005;Ingmar Bergman
The Liberation of LB Jones;1970;1970s;USA;Drama;tt0065979;8;nm0943758;William Wyler
La La Land;2016;2010s;USA;Musical;tt3783958;8;nm3227090;Damien Chazelle
The Lodge;2019;2010s;UK;Horror;tt7347846;8.25;nm3868633;Severin Fiala
Ofitsery;1971;1970s;Russia;War;tt0067517;8;nm0737380;Vladimir Rogovoy
Wake in Fright;1971;1970s;Australia;Thriller;tt0067541;7.75;nm0467646;Ted Kotcheff
The Silent Partner;1978;1970s;Canada;Crime;tt0078269;7.5;nm0241174;Daryl Duke
The Enigma of Kaspar Hauser;1974;1970s;Germany;Drama;tt0071691;7.5;nm0001348;Werner Herzog
Una Giornata Particolare;1977;1970s;Italy;Drama;tt0076085;9;nm0778633;Ettore Scola
C'eravamo Tanto Amati;1974;1970s;Italy;Drama;tt0075793;8.75;nm0778633;Ettore Scola
Alice in the Cities;1974;1970s;Germany;Drama;tt0069687;7;nm0000694;Wim Wenders
Uomini Contro;1970;1970s;Italy;War;tt0066511;7.75;nm0742940;Francesco Rosi
Strategia del Ragno;1970;1970s;Italy;Thriller;tt0066413;7;nm0000934;Bernardo Bertolucci
Il Giardino dei Finzi Contini;1970;1970s;Italy;Historical;tt0065777;7.5;nm0001120;Vittorio De Sica
All That Jazz;1979;1970s;USA;Musical;tt0078754;8;nm0002080;Bob Fosse
The Chant of Jimmie Blacksmith;1978;1970s;Australia;Historical;tt0077318;7.75;nm0770961;Fred Schepisi
Fox and his Friends;1975;1970s;Germany;Drama;tt0072976;7.75;nm0001202;Rainer Werner Fassbinder
Profondo Rosso;1975;1970s;Italy;Thriller;tt0073582;7.75;nm0000783;Dario Argento
L'histoire de Adèle H.;1975;1970s;France;Drama;tt0073114;7.5;nm0000076;François Truffaut
Coming Home;1978;1970s;USA;Drama;tt0077362;7.75;nm0000797;Hal Ashby
The King of Comedy;1982;1980s;USA;Crime;tt0085794;8.5;nm0000217;Martin Scorsese
Big Jake;1971;1970s;USA;Western;tt0066831;7;nm0792450;George Sherman
The Wishing Tree;1976;1970s;Russia;Drama;tt0075963;8;nm0002156;Tengiz Abuladze
L'argent de Poche;1976;1970s;France;Drama;tt0074152;7.25;nm0000076;François Truffaut
L'enfant Sauvage;1970;1970s;France;Drama;tt0064285;7.5;nm0000076;François Truffaut
Ouija: Origin of Evil;2016;2010s;USA;Horror;tt4361050;7.5;nm1093039;Mike Flanagan